volume,vw,open,close,high,low,t,trades,vwap,pre_market,after_market,symbol
85068452.0,193.102,191.63,193.97,194.48,191.26,1688097600000,774380,,190.37,194.28,AAPL
31458198.0,192.6624,193.78,192.46,193.88,191.76,1688356800000,500175,,193.99,192.45,AAPL
46896861.0,191.5803,191.565,191.33,192.98,190.62,1688529600000,560170,,192.71,191.25,AAPL
45155523.0,190.8214,189.84,191.81,192.02,189.2,1688616000000,562755,,190.53,191.83,AAPL
46757498.0,191.4218,191.41,190.68,192.67,190.24,1688702400000,538826,,,,AAPL
59912163.0,188.3628,189.26,188.61,189.99,187.035,1688961600000,736912,,,,AAPL
46638119.0,187.8219,189.16,188.08,189.3,186.6,1689048000000,577717,,,,AAPL
60750218.0,189.9586,189.68,189.77,191.7,188.47,1689134400000,652126,,,,AAPL
41337338.0,190.565,190.5,190.54,191.19,189.78,1689220800000,467952,,,,AAPL
41616242.0,190.4662,190.23,190.69,191.1799,189.63,1689307200000,513233,,,,AAPL
50520159.0,193.2997,191.9,193.99,194.32,191.81,1689566400000,602852,,,,AAPL
48153774.0,193.3846,193.35,193.73,194.33,192.415,1689652800000,544605,,,,AAPL
80492323.0,194.9188,193.1,195.1,198.23,192.65,1689739200000,776766,,,,AAPL
59581196.0,194.276,195.09,193.13,196.47,192.495,1689825600000,639817,,,,AAPL
71451683.0,192.5948,194.1,191.94,194.97,191.23,1689912000000,580360,,,,AAPL
45345097.0,193.2018,193.41,192.75,194.91,192.25,1690171200000,525853,,,,AAPL
37283201.0,193.804,193.33,193.62,194.44,192.915,1690257600000,445394,,,,AAPL
47471868.0,194.3737,193.67,194.5,195.64,193.32,1690344000000,502309,,,,AAPL
47439680.0,194.8773,196.02,193.22,197.2,192.55,1690430400000,570472,,,,AAPL
47691443.0,195.8075,194.67,195.83,196.626,194.14,1690516800000,519151,,,,AAPL
38824113.0,196.1507,196.06,196.45,196.49,195.26,1690776000000,530506,,,,AAPL
35281426.0,195.8486,196.235,195.605,196.73,195.28,1690862400000,477616,,,,AAPL
50388811.0,192.9395,195.04,192.58,195.18,191.8507,1690948800000,620582,,,,AAPL
62243282.0,191.1312,191.57,191.17,192.37,190.69,1691035200000,754703,,,,AAPL
115956841.0,184.279,185.52,181.99,187.38,181.92,1691121600000,1336765,,,,AAPL
97105069.0,179.0119,182.13,178.85,183.13,177.35,1691380800000,1159281,,,,AAPL
67769003.0,178.9854,179.69,179.8,180.27,177.58,1691467200000,709019,,,,AAPL
60303492.0,178.4887,180.87,178.19,180.93,177.01,1691553600000,666112,,,,AAPL
54686851.0,178.7951,179.48,177.97,180.75,177.6,1691640000000,652995,,,,AAPL
51036672.0,177.8056,177.32,177.79,178.62,176.55,1691726400000,586481,,,,AAPL
43675627.0,178.9475,177.97,179.46,179.69,177.305,1691985600000,564982,,,,AAPL
43574863.0,177.9886,178.88,177.45,179.48,177.05,1692072000000,510071,,,,AAPL
45712957.0,177.4133,177.13,176.57,178.54,176.5,1692158400000,526074,,,,AAPL
66054482.0,174.5857,177.14,174.0,177.5054,173.48,1692244800000,673083,,,,AAPL
60171878.0,173.8904,172.3,174.49,175.1,171.96,1692331200000,596474,,,,AAPL
46161959.0,175.2221,175.07,175.84,176.13,173.735,1692590400000,559658,,,,AAPL
42057245.0,177.0098,177.06,177.23,177.68,176.25,1692676800000,501508,,,,AAPL
52722752.0,180.6482,178.52,181.12,181.55,178.325,1692763200000,587165,,,,AAPL
54912798.0,177.7035,180.674,176.38,181.104,176.01,1692849600000,610377,,,,AAPL
51439994.0,177.9075,177.38,178.61,179.15,175.82,1692936000000,554789,,,,AAPL
43803238.0,179.6595,180.09,180.19,180.59,178.545,1693195200000,532485,,,,AAPL
52953948.0,183.28,179.695,184.12,184.9,179.5,1693281600000,576465,,,,AAPL
60803988.0,186.93,184.94,187.65,187.85,184.74,1693368000000,636448,,,,AAPL
60794467.0,188.1489,187.84,187.87,189.12,187.48,1693454400000,554869,,,,AAPL
45393903.0,189.0424,189.485,189.46,189.92,188.28,1693540800000,530273,,,,AAPL
45280027.0,189.1084,188.28,189.7,189.98,187.61,1693886400000,602458,,,,AAPL
81753366.0,183.786,188.4,182.91,188.85,181.47,1693972800000,880106,,,,AAPL
112416703.0,176.7332,175.18,177.56,178.21,173.54,1694059200000,1210080,,,,AAPL
65402066.0,179.0663,178.35,178.18,180.239,177.79,1694145600000,755389,,,,AAPL
58953052.0,178.8465,180.07,179.36,180.3,177.34,1694404800000,722430,,,,AAPL
90316192.0,176.7048,179.49,176.3,180.13,174.82,1694491200000,937419,,,,AAPL
84267928.0,175.0352,176.51,174.21,177.3,173.98,1694577600000,835150,,,,AAPL
60345757.0,175.3715,174.0,175.74,176.1,173.58,1694664000000,641017,,,,AAPL
109259461.0,175.0843,176.48,175.01,176.495,173.82,1694750400000,729794,,,,AAPL
67257573.0,177.8915,176.48,177.97,179.38,176.17,1695009600000,731278,,,,AAPL
51826941.0,178.4293,177.52,179.07,179.63,177.13,1695096000000,524402,,,,AAPL
58436181.0,176.9653,179.26,175.49,179.695,175.4,1695182400000,600225,,,,AAPL
62449116.0,174.8619,174.55,173.93,176.3,173.86,1695268800000,631478,,,,AAPL
56688985.0,175.4667,174.67,174.79,177.079,174.05,1695355200000,606168,,,,AAPL
46172740.0,175.6665,174.2,176.08,176.97,174.15,1695614400000,564218,,,,AAPL
64548945.0,172.7156,174.82,171.96,175.2,171.66,1695700800000,688340,,,,AAPL
66920708.0,170.5335,172.62,170.43,173.04,169.05,1695787200000,707850,,,,AAPL
56294419.0,170.297,169.34,170.69,172.03,167.62,1695873600000,618584,,,,AAPL
51861083.0,171.5997,172.02,171.21,173.07,170.341,1695960000000,535134,,,,AAPL
52156935.0,173.2879,171.22,173.75,174.3,170.93,1696219200000,617249,,,,AAPL
49594613.0,172.1342,172.255,172.4,173.63,170.82,1696305600000,542569,,,,AAPL
53006286.0,172.9437,171.09,173.66,174.21,170.97,1696392000000,560975,,,,AAPL
48527918.0,174.2297,173.79,174.91,175.45,172.68,1696478400000,509175,,,,AAPL
57266675.0,176.3366,173.8,177.49,177.99,173.18,1696564800000,593944,,,,AAPL
42344772.0,177.8683,176.81,178.99,179.05,175.8,1696824000000,518256,,,,AAPL
43698019.0,178.6901,178.1,178.39,179.72,177.95,1696910400000,524939,,,,AAPL
47544848.0,178.9503,178.2,179.8,179.85,177.6,1696996800000,503477,,,,AAPL
56743119.0,180.9482,180.07,180.71,182.34,179.04,1697083200000,616891,,,,AAPL
51412082.0,179.4154,181.42,178.85,181.93,178.14,1697169600000,531441,,,,AAPL
52516984.0,178.1478,176.75,178.72,179.075,176.51,1697428800000,632605,,,,AAPL
57549350.0,176.8623,176.645,177.15,178.42,174.8,1697515200000,592323,,,,AAPL
54764375.0,176.3501,175.58,175.84,177.575,175.11,1697601600000,540187,,,,AAPL
59192863.0,176.215,176.04,175.46,177.84,175.19,1697688000000,560260,,,,AAPL
64211828.0,173.7459,175.31,172.88,175.42,172.64,1697774400000,600318,,,,AAPL
55980109.0,172.3829,170.91,173.0,174.01,169.93,1698033600000,639616,,,,AAPL
43816644.0,172.7333,173.05,173.44,173.67,171.45,1698120000000,530406,,,,AAPL
57156962.0,171.4932,171.88,171.1,173.06,170.65,1698206400000,610143,,,,AAPL
70625258.0,167.5944,170.37,166.89,171.3775,165.67,1698292800000,815217,,,,AAPL
58257129.0,167.9072,166.91,168.22,168.96,166.83,1698379200000,609511,,,,AAPL
51130955.0,170.0774,169.02,170.29,171.17,168.87,1698638400000,628253,,,,AAPL
44846017.0,169.9252,169.35,170.77,170.9,167.9,1698724800000,509879,,,,AAPL
56934906.0,172.6187,171.0,173.97,174.23,170.12,1698811200000,633476,,,,AAPL
77292052.0,176.6794,175.52,177.57,177.78,175.46,1698897600000,805046,,,,AAPL
79829246.0,175.5751,174.24,176.65,176.82,173.35,1698984000000,858038,,,,AAPL
63841310.0,178.5589,176.38,179.23,179.43,176.21,1699246800000,678103,,,,AAPL
70529966.0,181.2627,179.18,181.82,182.44,178.97,1699333200000,653779,,,,AAPL
49340282.0,182.6566,182.35,182.89,183.45,181.59,1699419600000,542421,,,,AAPL
53631840.0,182.912,182.96,182.41,184.12,181.81,1699506000000,545657,,,,AAPL
66177922.0,185.4104,183.97,186.4,186.565,183.53,1699592400000,610938,,,,AAPL
43627519.0,184.8317,185.82,184.8,186.03,184.21,1699851600000,530407,,,,AAPL
60108378.0,187.2038,187.7,187.44,188.11,186.3,1699938000000,609218,,,,AAPL
53608999.0,188.4191,187.845,188.01,189.5,187.78,1700024400000,564159,,,,AAPL
54412915.0,189.7109,189.57,189.71,190.96,188.65,1700110800000,620748,,,,AAPL
50737404.0,189.6022,190.25,189.69,190.38,188.57,1700197200000,510217,,,,AAPL
46538614.0,191.2984,189.89,191.45,191.905,189.88,1700456400000,554014,,,,AAPL
38134485.0,190.51,191.41,190.64,191.52,189.74,1700542800000,450749,,,,AAPL
39630011.0,191.7223,191.49,191.31,192.93,190.825,1700629200000,463560,,,,AAPL
24018404.0,189.7899,190.87,189.97,190.9,189.25,1700802000000,335946,,,,AAPL
40456609.0,189.7974,189.92,189.79,190.67,188.9,1701061200000,508895,,,,AAPL
38415419.0,190.165,189.78,190.4,191.08,189.4,1701147600000,458154,,,,AAPL
43014224.0,189.9974,190.9,189.37,192.09,188.97,1701234000000,493064,,,,AAPL
48744366.0,189.337,189.84,189.95,190.32,188.19,1701320400000,486786,,,,AAPL
45676673.0,190.8613,190.33,191.24,191.56,189.23,1701406800000,515537,,,,AAPL
43389519.0,188.916,189.98,189.43,190.05,187.4511,1701666000000,587461,,,,AAPL
66628398.0,193.1715,190.21,193.42,194.4,190.18,1701752400000,700669,,,,AAPL
41055862.0,192.8014,194.45,192.32,194.76,192.11,1701838800000,491436,,,,AAPL
47413955.0,194.3967,193.63,194.27,195.0,193.59,1701925200000,495048,,,,AAPL
53383658.0,195.1638,194.2,195.71,195.99,193.67,1702011600000,538968,,,,AAPL
60943699.0,192.7089,193.11,193.18,193.49,191.42,1702270800000,691172,,,,AAPL
52696900.0,193.7834,193.08,194.71,194.72,191.721,1702357200000,510768,,,,AAPL
70404183.0,196.9085,195.09,197.96,198.0,194.85,1702443600000,672552,,,,AAPL
66831572.0,198.2872,198.02,198.11,199.62,196.16,1702530000000,691862,,,,AAPL
127387901.0,197.56,197.53,197.57,198.3999,197.0,1702616400000,625452,,,,AAPL
55751861.0,195.6255,196.09,195.89,196.63,194.39,1702875600000,655763,,,,AAPL
40714051.0,196.5277,196.16,196.94,196.95,195.89,1702962000000,451709,,,,AAPL
52242815.0,196.142,196.9,194.83,197.68,194.83,1703048400000,550599,,,,AAPL
46482549.0,194.7425,196.1,194.68,197.08,193.5,1703134800000,554844,,,,AAPL
37149570.0,194.1013,195.18,193.6,195.41,192.97,1703221200000,500544,,,,AAPL
28919310.0,193.1713,193.61,193.05,193.89,192.83,1703566800000,488257,,,,AAPL
48087681.0,192.5679,192.49,193.15,193.5,191.09,1703653200000,548076,,,,AAPL
34049898.0,193.9222,194.14,193.58,194.66,193.17,1703739600000,472404,,,,AAPL
42672148.0,192.5761,193.9,192.53,194.4,191.725,1703826000000,509123,,,,AAPL
81964874.0,185.9465,187.15,185.64,188.44,183.885,1704171600000,1008871,,,,AAPL
58414460.0,184.3226,184.22,184.25,185.88,183.43,1704258000000,656853,,,,AAPL
71878670.0,182.0183,182.15,181.91,183.0872,180.88,1704344400000,712692,,,,AAPL
62371161.0,181.474,181.99,181.18,182.76,180.17,1704430800000,682334,,,,AAPL
59144470.0,184.3702,182.085,185.56,185.6,181.5,1704690000000,669173,,,,AAPL
42841809.0,184.3706,183.92,185.14,185.15,182.73,1704776400000,538180,,,,AAPL
46192908.0,185.2509,184.35,186.19,186.4,183.92,1704862800000,554777,,,,AAPL
49128408.0,185.0604,186.54,185.59,187.05,183.62,1704949200000,584008,,,,AAPL
40477782.0,185.8199,186.06,185.92,186.74,185.19,1705035600000,477050,,,,AAPL
65076641.0,182.8866,182.16,183.63,184.26,180.934,1705381200000,767281,,,,AAPL
47317433.0,181.9201,181.27,182.68,182.93,180.3,1705467600000,594632,,,,AAPL
77722754.0,187.9358,186.09,188.63,189.14,185.83,1705554000000,787233,,,,AAPL
68887985.0,190.6149,189.33,191.56,191.95,188.82,1705640400000,682663,,,,AAPL
60131852.0,193.9891,192.3,193.89,195.33,192.26,1705899600000,718107,,,,AAPL
42355590.0,194.8203,195.02,195.18,195.75,193.8299,1705986000000,533093,,,,AAPL
53631316.0,195.2063,195.42,194.5,196.38,194.34,1706072400000,594714,,,,AAPL
54822126.0,194.7337,195.22,194.17,196.2675,193.1125,1706158800000,644526,,,,AAPL
44587111.0,193.1207,194.27,192.42,194.76,191.94,1706245200000,534165,,,,AAPL
47145622.0,191.2954,192.01,191.73,192.2,189.58,1706504400000,599513,,,,AAPL
55836970.0,188.7927,190.94,188.04,191.8,187.47,1706590800000,690705,,,,AAPL
55467803.0,185.3525,187.04,184.4,187.095,184.35,1706677200000,679844,,,,AAPL
64885408.0,185.5688,183.985,186.86,186.95,183.82,1706763600000,820977,,,,AAPL
102527680.0,184.744,179.86,185.85,187.33,179.25,1706850000000,1108465,,,,AAPL
69654320.0,187.6824,188.15,187.68,189.25,185.84,1707109200000,804748,,,,AAPL
43490759.0,188.4788,186.86,189.3,189.31,186.7695,1707195600000,530825,,,,AAPL
53438955.0,189.3803,190.64,189.41,191.05,188.61,1707282000000,596088,,,,AAPL
40962046.0,188.3032,189.385,188.32,189.535,187.35,1707368400000,521464,,,,AAPL
45155216.0,189.0056,188.65,188.85,189.99,188.0,1707454800000,544714,,,,AAPL
41781934.0,187.5914,188.415,187.15,188.67,186.79,1707714000000,585515,,,,AAPL
56529529.0,185.0421,185.77,185.04,186.21,183.5128,1707800400000,644015,,,,AAPL
54617917.0,183.6207,185.32,184.15,185.53,182.44,1707886800000,679072,,185.43,183.13,AAPL
65434496.0,182.8487,183.55,183.86,184.49,181.35,1707973200000,756083,,182.7,184.63,AAPL
49752465.0,182.7317,183.42,182.31,184.85,181.665,1708059600000,611770,,184.69,181.95,AAPL
53574453.0,181.1005,181.79,181.56,182.43,180.0,1708405200000,712335,,181.7,181.7,AAPL
41496371.0,181.9941,181.94,182.32,182.8888,180.66,1708491600000,522492,,181.55,182.98,AAPL
52284192.0,183.8372,183.48,184.37,184.955,182.46,1708578000000,613892,,,,AAPL
44926677.0,182.9876,185.01,182.52,185.04,182.23,1708664400000,549250,,,,AAPL
40867421.0,181.3213,182.24,181.16,182.76,180.65,1708923600000,615639,,,,AAPL
54318851.0,181.8192,181.1,182.63,183.9225,179.56,1709010000000,669751,,,,AAPL
48943139.0,181.1915,182.51,181.42,183.12,180.13,1709096400000,596442,,,,AAPL
136682597.0,180.6781,181.27,180.75,182.57,179.53,1709182800000,813073,,,,AAPL
73450582.0,179.0322,179.55,179.66,180.53,177.38,1709269200000,911077,,,,AAPL
81505451.0,174.8938,176.15,175.1,176.9,173.79,1709528400000,1167166,,,,AAPL
94702355.0,170.3234,170.76,170.12,172.04,169.62,1709614800000,1108820,,,,AAPL
68568907.0,169.5506,171.06,169.12,171.24,168.68,1709701200000,896297,,,,AAPL
71763761.0,169.3619,169.15,169.0,170.73,168.49,1709787600000,825405,,,,AAPL
76267041.0,171.5322,169.0,170.73,173.7,168.94,1709874000000,925213,,,,AAPL
60139473.0,172.9273,172.94,172.75,174.38,172.05,1710129600000,793618,,,,AAPL
59813522.0,172.8726,173.15,173.23,174.03,171.01,1710216000000,735065,,,,AAPL
52488692.0,171.3457,172.77,171.13,173.185,170.76,1710302400000,647120,,,,AAPL
72913507.0,173.0899,172.91,173.0,174.3078,172.05,1710388800000,806014,,,,AAPL
121752699.0,171.8002,171.17,172.62,172.62,170.285,1710475200000,771387,,,,AAPL
75604184.0,175.4587,175.57,173.72,177.71,173.52,1710734400000,866388,,,,AAPL
55215244.0,175.4779,174.34,176.08,176.605,173.03,1710820800000,636058,,,,AAPL
53423102.0,177.2239,175.72,178.67,178.67,175.09,1710907200000,641653,,,,AAPL
106181270.0,172.7231,177.05,171.37,177.49,170.84,1710993600000,1224985,,,,AAPL
71146138.0,172.0464,171.76,172.28,173.05,170.06,1711080000000,736378,,,,AAPL
54288328.0,170.7132,170.565,170.85,171.94,169.45,1711339200000,727686,,,,AAPL
57388449.0,170.323,170.0,169.71,171.42,169.58,1711425600000,684303,,,,AAPL
60263665.0,172.5879,170.41,173.31,173.6,170.11,1711512000000,670629,,,,AAPL
65671690.0,171.3942,171.75,171.48,172.23,170.51,1711598400000,648026,,,,AAPL
46240500.0,170.0696,171.19,170.03,171.25,169.475,1711944000000,676830,,,,AAPL
49297581.0,168.8967,169.08,168.84,169.34,168.2302,1712030400000,608914,,,,AAPL
47691715.0,169.8623,168.79,169.65,170.68,168.58,1712116800000,571286,,,,AAPL
53682486.0,170.1029,170.29,168.82,171.92,168.82,1712203200000,630783,,,,AAPL
42104826.0,169.6415,169.59,169.58,170.39,168.95,1712289600000,540854,,,,AAPL
37425513.0,168.6637,169.03,168.45,169.2,168.24,1712548800000,549987,,,,AAPL
42451209.0,169.1566,168.7,169.67,170.08,168.35,1712635200000,541699,,,,AAPL
49691936.0,167.9914,168.8,167.78,169.09,167.11,1712721600000,647587,,,,AAPL
91053075.0,172.6956,168.34,175.04,175.46,168.16,1712808000000,828408,,,,AAPL
101282386.0,176.3413,174.26,176.55,178.36,174.21,1712894400000,960229,,,,AAPL
73498773.0,174.1336,175.36,172.69,176.63,172.5,1713153600000,846771,,,,AAPL
73665235.0,170.0498,171.75,169.38,173.76,168.27,1713240000000,834297,,,,AAPL
50351210.0,168.9807,169.61,168.0,170.65,168.0,1713326400000,599004,,,,AAPL
43103753.0,167.3951,168.03,167.04,168.64,166.55,1713412800000,553239,,,,AAPL
68149377.0,165.1473,166.21,165.0,166.4,164.075,1713499200000,754775,,,,AAPL
48071343.0,165.9651,165.515,165.84,167.26,164.77,1713758400000,610367,,,,AAPL
49537761.0,166.5257,165.35,166.9,167.05,164.92,1713844800000,554942,,,,AAPL
48251835.0,168.4404,166.54,169.02,169.3,166.21,1713931200000,584990,,,,AAPL
50558329.0,169.4461,169.525,169.89,170.61,168.1511,1714017600000,608882,,,,AAPL
44812854.0,169.9936,169.88,169.3,171.34,169.18,1714104000000,563911,,,,AAPL
68149919.0,174.3663,173.37,173.5,176.03,173.1,1714363200000,808215,,,,AAPL
65824776.0,172.1418,173.33,170.33,174.99,170.0,1714449600000,647476,,,,AAPL
49387185.0,170.7198,169.58,169.3,172.705,169.11,1714536000000,648626,,,,AAPL
94211515.0,174.5241,172.51,173.03,173.415,170.89,1714622400000,944119,,,,AAPL
163224109.0,184.3674,186.645,183.38,187.0,182.66,1714708800000,1468505,,,,AAPL
78319667.0,181.8711,182.354,181.71,184.2,180.42,1714968000000,898763,,,,AAPL
77298571.0,182.7741,183.45,182.4,184.9,181.32,1715054400000,747518,,,,AAPL
45057087.0,182.4822,182.85,182.74,183.07,181.45,1715140800000,518609,,,,AAPL
48948972.0,184.005,182.56,184.57,184.66,182.11,1715227200000,551004,,,,AAPL
50745096.0,183.097,184.9,183.05,185.09,182.13,1715313600000,558778,,,,AAPL
71969409.0,186.2045,185.435,186.28,187.1,184.62,1715572800000,726518,,,,AAPL
52393619.0,187.1924,187.51,187.43,188.3,186.29,1715659200000,559493,,,,AAPL
70381988.0,189.6538,187.91,189.72,190.65,187.37,1715745600000,727614,,,,AAPL
52845230.0,190.1061,190.47,189.84,191.095,189.6601,1715832000000,566951,,,,AAPL
41282925.0,189.9231,189.51,189.87,190.81,189.18,1715918400000,478193,,,,AAPL
44361275.0,191.0826,189.325,191.04,191.9199,189.01,1716177600000,566908,,,,AAPL
42309401.0,192.2542,191.09,192.35,192.73,190.9201,1716264000000,502788,,,,AAPL
34648547.0,191.4301,192.265,190.9,192.8231,190.27,1716350400000,452377,,,,AAPL
51005924.0,188.1932,190.98,186.88,191.0,186.625,1716436800000,574010,,,,AAPL
36326975.0,189.7193,188.82,189.98,190.58,188.0404,1716523200000,492870,,,,AAPL
52230051.0,190.8158,191.51,189.99,193.0,189.1,1716868800000,702190,,,,AAPL
53068016.0,191.1133,189.61,190.29,192.247,189.51,1716955200000,603502,,,,AAPL
49947941.0,191.4032,190.76,191.29,192.18,190.63,1717041600000,568984,,,,AAPL
75158277.0,191.6187,191.44,192.25,192.57,189.91,1717128000000,618230,,,,AAPL
50078439.0,193.7892,192.9,194.03,194.99,192.52,1717387200000,700956,,,,AAPL
47471445.0,194.3014,194.635,194.35,195.32,193.0342,1717473600000,575318,,,,AAPL
54156785.0,195.8699,195.4,195.87,196.9,194.87,1717560000000,648283,,,,AAPL
41162753.0,195.3147,195.685,194.48,196.5,194.17,1717646400000,550122,,,,AAPL
53085712.0,195.9035,194.65,196.89,196.94,194.14,1717732800000,505958,,,,AAPL
97262077.0,194.4151,196.9,193.12,197.3,192.15,1717992000000,1115274,,,,AAPL
172116296.0,203.2083,193.65,207.15,207.16,193.63,1718078400000,1601776,,,,AAPL
198109293.0,215.2622,207.37,213.07,220.2,206.9,1718164800000,1861009,,,,AAPL
97750229.0,214.0158,214.74,214.24,216.75,211.6,1718251200000,1032968,,,,AAPL
70108898.0,212.7595,213.85,212.49,215.17,211.3,1718337600000,793743,,,,AAPL
93689100.0,216.4099,213.37,216.67,218.95,212.72,1718596800000,1034961,,,,AAPL
79943254.0,214.7342,217.59,214.29,218.63,213.0,1718683200000,919960,,,,AAPL
86095783.0,210.6223,213.93,209.68,214.24,208.85,1718856000000,1005360,,,,AAPL
246421353.0,208.4264,210.39,207.49,211.89,207.11,1718942400000,881938,,,,AAPL
80721906.0,209.3296,207.72,208.14,212.7,206.59,1719201600000,916151,,,,AAPL
56280868.0,209.6841,209.15,209.07,211.38,208.61,1719288000000,621193,,,,AAPL
66213186.0,213.1448,211.5,213.25,214.86,210.64,1719374400000,769103,,,,AAPL
49772707.0,213.9138,214.69,214.1,215.7395,212.35,1719460800000,644397,,,,AAPL
82538718.0,212.5585,215.77,210.62,216.07,210.3,1719547200000,729911,,,,AAPL
60402929.0,215.5066,212.09,216.75,217.51,211.92,1719806400000,784845,,,,AAPL
58046178.0,219.2005,216.15,220.27,220.38,215.1,1719892800000,689998,,,,AAPL
37269801.0,220.6593,220.0,221.55,221.55,219.03,1719979200000,566783,,,,AAPL
59517108.0,224.9718,221.65,226.34,226.45,221.65,1720152000000,767413,,,,AAPL
59085861.0,226.3635,227.09,227.82,227.85,223.25,1720411200000,790096,,,,AAPL
48013382.0,228.2164,227.93,228.68,229.4,226.3721,1720497600000,651066,,,,AAPL
62627687.0,231.6614,229.3,232.98,233.08,229.25,1720584000000,782526,,,,AAPL
64456867.0,228.4586,231.39,227.57,232.39,225.77,1720670400000,889306,,,,AAPL
53046527.0,230.9577,228.92,230.54,232.64,228.68,1720756800000,706283,,,,AAPL
62623152.0,234.9027,236.48,234.4,237.23,233.09,1721016000000,822674,,,,AAPL
41184278.0,234.3335,235.0,234.82,236.27,232.33,1721102400000,623962,,,,AAPL
57345884.0,228.8407,229.45,228.88,231.4599,226.64,1721188800000,811104,,,,AAPL
66034585.0,225.1554,230.28,224.18,230.44,222.27,1721275200000,844626,,,,AAPL
49151453.0,224.7259,224.82,224.31,226.8,223.275,1721361600000,612830,,,,AAPL
48201835.0,224.9473,227.01,223.96,227.78,223.09,1721620800000,704897,,,,AAPL
39960260.0,225.0215,224.365,225.01,226.94,222.68,1721707200000,551688,,,,AAPL
61777576.0,219.0689,224.0,218.54,224.8,217.13,1721793600000,816144,,,,AAPL
51391199.0,218.1084,218.93,217.49,220.85,214.62,1721880000000,737642,,,,AAPL
41599345.0,217.9018,218.7,217.96,219.49,216.01,1721966400000,608588,,,,AAPL
36284528.0,218.1352,216.96,218.24,219.3,215.75,1722225600000,604722,,,,AAPL
41493840.0,218.4136,219.19,218.8,220.325,216.12,1722312000000,584354,,,,AAPL
50036262.0,222.3356,221.44,222.08,223.82,220.63,1722398400000,668901,,,,AAPL
62477496.0,219.4531,224.37,218.36,224.48,217.02,1722484800000,876127,,,,AAPL
105568560.0,221.8938,219.15,219.86,225.6,217.71,1722571200000,1132553,,,,AAPL
119517900.0,207.8008,199.09,209.27,213.5,196.0,1722830400000,1661546,,,,AAPL
69579488.0,206.7392,205.3,207.23,209.99,201.07,1722916800000,921950,,,,AAPL
63516417.0,210.6883,206.9,209.82,213.64,206.39,1723003200000,741724,,,,AAPL
46801649.0,212.6165,213.11,213.31,214.2,208.83,1723089600000,628771,,,,AAPL
42201646.0,215.1999,212.1,216.24,216.78,211.97,1723176000000,589469,,,,AAPL
38028092.0,217.5465,216.07,217.53,219.5099,215.6,1723435200000,602530,,,,AAPL
44155331.0,220.8758,219.01,221.27,221.89,219.01,1723521600000,553265,,,,AAPL
41948574.0,221.5105,220.57,221.72,223.03,219.7,1723608000000,568518,,,,AAPL
46398713.0,224.5505,224.6,224.72,225.35,222.76,1723694400000,590574,,,,AAPL
44338440.0,225.4305,223.92,226.05,226.8271,223.6501,1723780800000,562637,,,,AAPL
40687813.0,224.8579,225.72,225.89,225.99,223.04,1724040000000,606363,,,,AAPL
30299033.0,226.5299,225.77,226.51,227.17,225.45,1724126400000,498797,,,,AAPL
34765480.0,226.4461,226.52,226.4,227.98,225.05,1724212800000,506656,,,,AAPL
43673321.0,225.4771,227.79,224.53,228.34,223.9,1724299200000,586188,,,,AAPL
38647250.0,226.581,225.6589,226.84,228.22,224.33,1724385600000,555153,,,,AAPL
30599408.0,226.0636,226.76,227.18,227.28,223.8905,1724644800000,565403,,,,AAPL
35934559.0,227.7927,225.995,228.03,228.85,224.89,1724731200000,491852,,,,AAPL
37737167.0,227.4243,227.92,226.49,229.86,225.68,1724817600000,563158,,,,AAPL
51906297.0,230.9934,230.1,229.79,232.92,228.88,1724904000000,723145,,,,AAPL
52988670.0,228.9147,230.19,229.0,230.4,227.48,1724990400000,594157,,,,AAPL
50175516.0,223.7969,228.55,222.77,229.0,221.17,1725336000000,813602,,,,AAPL
43840196.0,219.9662,221.66,220.85,221.78,217.48,1725422400000,679980,,,,AAPL
36615398.0,223.0951,221.625,222.38,225.48,221.52,1725508800000,588073,,,,AAPL
48423011.0,221.6372,223.95,220.82,225.24,219.77,1725595200000,663965,,,,AAPL
67179965.0,219.3818,220.82,220.91,221.27,216.71,1725854400000,945464,,,,AAPL
51591033.0,219.5811,218.92,220.11,221.48,216.73,1725940800000,684935,,,,AAPL
44587072.0,221.236,221.455,222.66,223.09,217.89,1726027200000,609494,,,,AAPL
37497490.0,222.3956,222.5,222.77,223.55,219.82,1726113600000,556916,,,,AAPL
36766619.0,222.9215,223.58,222.5,224.04,221.91,1726200000000,541883,,,,AAPL
59357427.0,215.9366,216.54,216.32,217.22,213.92,1726459200000,870760,,,,AAPL
45519339.0,216.194,215.75,216.79,216.9,214.5,1726545600000,651444,,,,AAPL
59894928.0,220.4476,217.55,220.69,222.71,217.54,1726632000000,833014,,,,AAPL
66781315.0,228.3978,224.99,228.87,229.82,224.63,1726718400000,808546,,,,AAPL
317079888.0,228.9173,229.97,228.2,233.09,227.62,1726804800000,971913,,,,AAPL
54090023.0,227.0255,227.34,226.47,229.45,225.81,1727064000000,693311,,,,AAPL
43556068.0,227.2501,228.645,227.37,229.35,225.73,1727150400000,519573,,,,AAPL
42308715.0,225.8624,224.93,226.37,227.29,224.02,1727236800000,564630,,,,AAPL
36635707.0,227.2807,227.3,227.52,228.5,225.41,1727323200000,433164,,,,AAPL
34003467.0,228.1279,228.46,227.79,229.52,227.3,1727409600000,504107,,,,AAPL
54793391.0,232.0056,230.04,233.0,233.0,229.65,1727668800000,710084,,,,AAPL
63235048.0,225.9759,229.52,226.21,229.65,223.74,1727755200000,832119,,,,AAPL
32880605.0,226.0517,225.89,226.78,227.37,223.02,1727841600000,504717,,,,AAPL
34044158.0,225.0086,225.14,225.67,226.805,223.32,1727928000000,516347,,,,AAPL
37345098.0,225.8887,227.9,226.8,228.0,224.13,1728014400000,558162,,,,AAPL
39505354.0,223.2342,224.5,221.69,225.69,221.33,1728273600000,607240,,,,AAPL
31855693.0,225.0548,224.3,225.77,225.98,223.25,1728360000000,495518,,,,AAPL
33591091.0,228.3401,225.23,229.54,229.75,224.83,1728446400000,519279,,,,AAPL
28183544.0,228.5592,227.78,229.04,229.5,227.17,1728532800000,446857,,,,AAPL
31759188.0,228.0176,229.3,227.55,229.41,227.34,1728619200000,485460,,,,AAPL
39882085.0,230.7772,228.7,231.3,231.73,228.6,1728878400000,580529,,,,AAPL
64748367.0,234.795,233.61,233.85,237.49,232.37,1728964800000,827529,,,,AAPL
34082240.0,231.1082,231.6,231.78,232.12,229.84,1729051200000,551097,,,,AAPL
32974310.0,232.0782,233.43,232.15,233.85,230.52,1729137600000,487629,,,,AAPL
45831472.0,235.2165,236.18,235.0,236.18,234.01,1729224000000,562501,,,,AAPL
36254470.0,235.9588,234.45,236.48,236.85,234.45,1729483200000,538692,,,,AAPL
38846578.0,234.9316,233.885,235.86,236.22,232.6,1729569600000,489180,,,,AAPL
52286979.0,231.1276,234.08,230.76,235.144,227.76,1729656000000,722059,,,,AAPL
31109503.0,230.1026,229.98,230.57,230.82,228.41,1729742400000,490815,,,,AAPL
38602304.0,231.6647,229.74,231.41,233.22,229.57,1729828800000,551679,,,,AAPL
36087134.0,233.5569,233.32,233.4,234.73,232.55,1730088000000,557146,,,,AAPL
35413047.0,233.5947,233.1,233.67,234.325,232.32,1730174400000,484093,,,,AAPL
47060257.0,230.8804,232.61,230.1,233.47,229.55,1730260800000,593651,,,,AAPL
64370086.0,226.6453,229.34,225.91,229.83,225.37,1730347200000,767895,,,,AAPL
65276741.0,222.8124,220.965,222.91,225.35,220.27,1730433600000,859117,,,,AAPL
44344468.0,221.7744,220.99,222.01,222.79,219.71,1730696400000,647166,,,,AAPL
28111338.0,223.1048,221.795,223.45,223.95,221.14,1730782800000,502059,,,,AAPL
54561121.0,223.8013,222.61,222.72,226.065,221.19,1730869200000,796635,,,,AAPL
42137691.0,226.791,224.625,227.48,227.875,224.57,1730955600000,623242,,,,AAPL
38328824.0,227.2124,227.17,226.96,228.66,226.405,1731042000000,541125,,,,AAPL
42005602.0,223.4599,225.0,224.23,225.7,221.5,1731301200000,555127,,,,AAPL
40398299.0,224.3724,224.55,224.23,225.59,223.355,1731387600000,462612,,,,AAPL
48566217.0,224.9226,224.01,225.12,226.65,222.76,1731474000000,467219,,,,AAPL
44923941.0,227.4472,225.02,228.22,228.87,225.0,1731560400000,492068,,,,AAPL
47923696.0,225.0925,226.4,225.0,226.92,224.27,1731646800000,451319,,,,AAPL
44686020.0,228.083,225.25,228.02,229.74,225.17,1731906000000,437779,,,,AAPL
36211774.0,228.6648,226.98,228.28,230.16,226.66,1731992400000,365242,,,,AAPL
35075316.0,228.0808,228.06,229.0,229.93,225.89,1732078800000,358454,,,,AAPL
42108327.0,228.4689,228.88,228.52,230.155,225.7103,1732165200000,431685,,,,AAPL
38168252.0,229.6877,228.06,229.87,230.7199,228.06,1732251600000,380624,,,,AAPL
90002832.0,232.3535,231.46,232.87,233.245,229.74,1732510800000,510697,,,,AAPL
45986189.0,234.7502,233.33,235.06,235.57,233.33,1732597200000,450015,,,,AAPL
33498439.0,234.7968,234.465,234.93,235.69,233.8101,1732683600000,339860,,,,AAPL
28481377.0,236.6232,234.805,237.33,237.81,233.97,1732856400000,268955,,,,AAPL
48137103.0,239.4992,237.27,239.59,240.79,237.16,1733115600000,469685,,,,AAPL
38861017.0,241.644,239.81,242.65,242.76,238.9,1733202000000,419384,,,,AAPL
44383935.0,242.918,242.87,243.01,244.11,241.25,1733288400000,406663,,,,AAPL
40033878.0,243.0077,243.99,243.04,244.54,242.13,1733374800000,401262,,,,AAPL
36870619.0,243.187,242.905,242.84,244.63,242.08,1733461200000,366549,,,,AAPL
44649232.0,246.0624,241.83,246.75,247.24,241.75,1733720400000,500769,,,,AAPL
36914806.0,247.2778,246.89,247.77,248.21,245.34,1733806800000,423350,,,,AAPL
45205814.0,248.069,247.96,246.49,250.8,246.2601,1733893200000,455625,,,,AAPL
32777532.0,247.7433,246.89,247.96,248.74,245.68,1733979600000,353012,,,,AAPL
33081590.0,247.7598,247.815,248.13,249.2902,246.24,1734066000000,349809,,,,AAPL
51694753.0,250.4623,247.99,251.04,251.38,247.65,1734325200000,448224,,,,AAPL
51356360.0,252.982,250.08,253.48,253.83,249.78,1734411600000,487662,,,,AAPL
56764701.0,250.531,252.16,248.05,254.28,247.74,1734498000000,564346,,,,AAPL
60559114.0,249.8401,247.5,249.79,252.0,247.0949,1734584400000,532893,,,,AAPL
147495267.0,253.1916,248.04,254.49,255.0,245.69,1734670800000,551019,,,,AAPL
40858774.0,254.7699,254.77,255.27,255.65,253.45,1734930000000,422563,,,,AAPL
23234705.0,257.4634,255.49,258.2,258.21,255.29,1735016400000,245932,,,,AAPL
27262983.0,258.9315,258.19,259.02,260.1,257.63,1735189200000,362325,,,,AAPL
42355321.0,255.2418,257.83,255.59,258.7,253.06,1735275600000,474899,,,,AAPL
35557542.0,252.2669,252.23,252.2,253.5,250.75,1735534800000,421634,,,,AAPL
39480718.0,250.6934,252.44,250.42,253.28,249.43,1735621200000,361255,,,,AAPL
55090731.0,244.346,248.93,243.85,249.1,241.8201,1735794000000,685447,,,,AAPL
40244114.0,243.0805,243.36,243.36,244.18,241.89,1735880400000,493786,,,,AAPL
45045571.0,245.1726,244.31,245.0,247.33,243.2,1736139600000,493920,,,,AAPL
40855960.0,242.9459,242.98,242.21,245.55,241.35,1736226000000,462887,,,,AAPL
37613940.0,242.2993,241.92,242.7,243.7123,240.05,1736312400000,406915,,,,AAPL
61705156.0,236.6063,240.01,236.85,240.16,233.0,1736485200000,685975,,,,AAPL
49630725.0,232.7529,233.53,234.4,234.67,229.72,1736744400000,561231,,,,AAPL
39433494.0,233.8732,234.75,233.28,236.12,232.472,1736830800000,436332,,,,AAPL
39822169.0,237.58,234.635,237.87,238.96,234.43,1736917200000,418803,,,,AAPL
71752652.0,230.4964,237.35,228.26,238.01,228.03,1737003600000,786111,,,,AAPL
67849101.0,230.4618,232.115,229.98,232.29,228.48,1737090000000,579300,,,,AAPL
98070429.0,221.6956,224.0,222.64,224.42,219.38,1737435600000,1220197,,,,AAPL
64126500.0,222.8221,219.79,223.83,224.12,219.79,1737522000000,683037,,,,AAPL
60234760.0,224.1093,224.74,223.66,227.03,222.3,1737608400000,619806,,,,AAPL
54697907.0,223.1447,224.78,222.78,225.63,221.41,1737694800000,579473,,,,AAPL
94863418.0,228.8379,224.02,229.86,232.15,223.98,1737954000000,1008209,,,,AAPL
75682044.0,237.4839,230.85,238.26,240.19,230.81,1738040400000,788816,,,,AAPL
45475767.0,237.4858,234.12,239.36,239.855,234.01,1738126800000,515212,,,,AAPL
55658279.0,238.9601,238.665,237.59,240.79,237.21,1738213200000,636380,,,,AAPL
101071628.0,238.5565,247.19,236.0,247.19,233.44,1738299600000,936709,,,,AAPL
73039761.0,228.3037,229.99,228.01,231.83,225.7,1738558800000,851633,,,,AAPL
45014201.0,231.2132,227.25,232.8,233.13,226.65,1738645200000,497327,,,,AAPL
39664989.0,230.8247,228.53,232.47,232.67,228.27,1738731600000,445631,,,,AAPL
29869249.0,232.4036,231.285,233.22,233.8,230.425,1738818000000,375400,,,,AAPL
39707224.0,229.1297,232.6,227.63,234.0,227.26,1738904400000,488184,,,,AAPL
33096475.0,228.45,229.57,227.65,230.585,227.2,1739163600000,398258,,,,AAPL
53710612.0,232.4505,228.2,232.62,235.23,228.13,1739250000000,552126,,,,AAPL
45243281.0,235.0413,231.2,236.87,236.96,230.68,1739336400000,486474,,,,AAPL
53614054.0,240.3233,236.91,241.53,242.3399,235.57,1739422800000,531132,,,,AAPL
40383927.0,244.0715,241.25,244.6,245.55,240.99,1739509200000,481731,,,,AAPL
48822491.0,244.1423,244.15,244.47,245.18,241.84,1739854800000,486720,,,,AAPL
32204215.0,244.6863,244.66,244.87,246.01,243.1604,1739941200000,383453,,,,AAPL
32316907.0,245.6383,244.94,245.83,246.78,244.29,1740027600000,405771,,,,AAPL
53196141.0,246.3756,245.95,245.55,248.69,245.22,1740114000000,508397,,,,AAPL
51326396.0,247.2414,244.925,247.1,248.86,244.42,1740373200000,593130,,,,AAPL
48013272.0,247.4765,248.0,247.04,250.0,244.91,1740459600000,574045,,,,AAPL
44433564.0,241.6568,244.33,240.36,244.98,239.13,1740546000000,557242,,,,AAPL
41153639.0,239.4953,239.41,237.3,242.46,237.06,1740632400000,503479,,,,AAPL
56833349.0,239.5113,236.95,241.84,242.09,230.2,1740718800000,572583,,,,AAPL
47183985.0,239.9029,241.79,238.03,244.0272,236.112,1740978000000,557039,,,,AAPL
53798024.0,237.5186,237.705,235.93,240.07,234.68,1741064400000,685392,,,,AAPL
47227642.0,234.0871,235.42,235.74,236.55,229.23,1741150800000,558644,,,,AAPL
45155019.0,235.2928,234.435,235.33,237.86,233.1581,1741237200000,551789,,,,AAPL
46250710.0,238.9039,235.105,239.07,241.37,234.76,1741323600000,581194,,,,AAPL
72071197.0,227.6311,235.54,227.48,236.16,224.22,1741579200000,1152721,,,,AAPL
76124402.0,221.1807,223.805,220.84,225.8399,217.45,1741665600000,899697,,,,AAPL
62547467.0,217.6087,220.14,216.98,221.75,214.91,1741752000000,792931,,,,AAPL
61318730.0,212.0144,215.95,209.68,216.8394,208.42,1741838400000,768933,,,,AAPL
60107582.0,212.4529,211.25,213.49,213.95,209.58,1741924800000,668917,,,,AAPL
48073426.0,213.2536,213.31,214.0,215.22,209.97,1742184000000,577436,,,,AAPL
42427021.0,213.0584,214.16,212.69,215.15,211.49,1742270400000,493002,,,,AAPL
54383891.0,215.5599,214.22,215.24,218.76,213.75,1742356800000,524677,,,,AAPL
48862947.0,214.3888,213.99,214.1,217.4899,212.22,1742443200000,499769,,,,AAPL
93568368.0,215.9292,211.56,218.27,218.84,211.28,1742529600000,496946,,,,AAPL
44299483.0,220.0734,221.0,220.73,221.48,218.58,1742788800000,495018,,,,AAPL
34493583.0,223.1154,220.77,223.75,224.1,220.08,1742875200000,407132,,,,AAPL
34492906.0,222.5202,223.51,221.53,225.02,220.47,1742961600000,440451,,,,AAPL
37093374.0,223.3729,221.39,223.85,224.99,220.5601,1743048000000,387118,,,,AAPL
39818617.0,219.3577,221.67,217.9,223.81,217.68,1743134400000,485185,,,,AAPL
65283571.0,220.6569,217.005,222.13,225.62,216.23,1743393600000,646562,,,,AAPL
36336840.0,222.3346,219.805,223.19,223.68,218.9,1743480000000,594669,,,,AAPL
35905904.0,222.4314,221.315,223.89,225.19,221.02,1743566400000,473114,,,,AAPL
103419006.0,204.1959,205.54,203.19,207.49,201.25,1743652800000,1366640,,,,AAPL
125897269.0,192.5544,193.89,188.38,199.88,187.34,1743739200000,1716139,,,,AAPL
160406286.0,180.5647,177.2,181.46,194.15,174.62,1743998400000,2117014,,,,AAPL
120696904.0,179.0738,186.7,172.42,190.335,169.2101,1744084800000,1671524,,,,AAPL
184261774.0,187.9565,171.95,198.85,200.61,171.89,1744171200000,2212956,,,,AAPL
121879981.0,189.982,189.065,190.42,194.7799,183.0,1744257600000,1500041,,,,AAPL
87435915.0,195.623,186.1,198.15,199.54,186.06,1744344000000,1073191,,,,AAPL
101352911.0,205.5914,211.44,202.52,212.94,201.1621,1744603200000,1272714,,,,AAPL
51343872.0,202.1396,201.855,202.14,203.51,199.8,1744689600000,595846,,,,AAPL
59727673.0,195.8891,198.36,194.27,200.7,192.37,1744776000000,744248,,,,AAPL
52164675.0,196.8888,197.2,196.98,198.8335,194.42,1744862400000,537919,,,,AAPL
46742537.0,192.0767,193.265,193.16,193.8,189.8112,1745208000000,576340,,,,AAPL
52976371.0,199.2937,196.12,199.74,201.59,195.97,1745294400000,608790,,,,AAPL
52929165.0,205.3603,206.0,204.6,208.0,202.799,1745380800000,664354,,,,AAPL
47310989.0,207.0889,204.89,208.37,208.8299,202.94,1745467200000,490831,,,,AAPL
38222258.0,208.3682,206.365,209.28,209.75,206.2,1745553600000,469917,,,,AAPL
38737224.0,209.6743,210.0,210.14,211.5,207.46,1745812800000,436968,,,,AAPL
36827633.0,210.9585,208.693,211.21,212.24,208.37,1745899200000,403524,,,,AAPL
52286454.0,211.3283,209.3,212.5,213.58,206.6705,1745985600000,501667,,,,AAPL
57364925.0,211.8686,209.08,213.32,214.56,208.9,1746072000000,712565,,,,AAPL
101010621.0,204.9131,206.09,205.35,206.99,202.16,1746158400000,1100613,,,,AAPL
69018452.0,199.7435,203.1,198.89,204.1,198.21,1746417600000,770697,,,,AAPL
51216482.0,198.8453,198.21,198.51,200.65,197.02,1746504000000,529849,,,,AAPL
68616943.0,195.9883,199.17,196.25,199.44,193.25,1746590400000,753075,,,,AAPL
50478872.0,197.7519,197.72,197.49,200.05,194.6796,1746676800000,599001,,,,AAPL
36453923.0,198.6614,199.0,198.53,200.5399,197.535,1746763200000,423067,,,,AAPL
63775814.0,209.7114,210.97,210.79,211.2679,206.75,1747022400000,806841,,,,AAPL
51909332.0,211.8003,210.43,212.93,213.4,209.0,1747108800000,608884,,,,AAPL
49325825.0,212.2847,212.43,212.33,213.94,210.5801,1747195200000,596267,,,,AAPL
45029473.0,211.308,210.95,211.45,212.96,209.54,1747281600000,550863,,,,AAPL
54737850.0,211.25,212.36,211.26,212.57,209.77,1747368000000,512788,,,,AAPL
46140527.0,207.6892,207.91,208.78,209.48,204.26,1747627200000,617742,,,,AAPL
42496635.0,207.0811,207.67,206.86,208.47,205.03,1747713600000,511393,,,,AAPL
59211774.0,203.4576,205.17,202.09,207.04,200.71,1747800000000,783994,,,,AAPL
46742407.0,201.4092,200.71,201.36,202.75,199.7,1747886400000,615608,,,,AAPL
78432918.0,195.8833,193.665,195.27,197.7,193.46,1747972800000,1035410,,,,AAPL
56288475.0,199.4808,198.3,200.21,200.74,197.43,1748318400000,710445,,,,AAPL
45339678.0,200.9086,200.59,200.42,202.73,199.9,1748404800000,549615,,,,AAPL
51477938.0,200.5388,203.575,199.95,203.81,198.51,1748491200000,652509,,,,AAPL
70819942.0,199.9641,199.37,200.85,201.96,196.78,1748577600000,605924,,,,AAPL
35423294.0,201.2063,200.28,201.7,202.13,200.12,1748836800000,501431,,,,AAPL
46381567.0,202.8132,201.35,203.27,203.77,200.955,1748923200000,519820,,,,AAPL
43603985.0,203.6276,202.91,202.82,206.24,202.1,1749009600000,568214,,,,AAPL
55221235.0,201.838,203.5,200.63,204.75,200.15,1749096000000,637645,,,,AAPL
46607693.0,204.0682,203.0,203.92,205.7,202.05,1749182400000,556357,,,,AAPL
72862557.0,202.5405,204.39,201.45,206.0,200.02,1749441600000,860118,,,,AAPL
54672608.0,202.5339,200.6,202.67,204.35,200.57,1749528000000,611323,,,,AAPL
60989857.0,200.4652,203.5,198.78,204.5,198.41,1749614400000,770310,,,,AAPL
43904635.0,198.7007,199.08,199.2,199.68,197.3601,1749700800000,541843,,,,AAPL
51447349.0,197.0361,199.73,196.45,200.37,195.7,1749787200000,716210,,,,AAPL
43020691.0,197.8895,197.3,198.42,198.685,196.5636,1750046400000,568354,,,,AAPL
38856152.0,196.4948,197.2,195.64,198.39,195.21,1750132800000,522902,,,,AAPL
45394689.0,196.4448,195.94,196.58,197.57,195.07,1750219200000,520881,,,,AAPL
96813542.0,199.8096,198.235,201.0,201.7,196.855,1750392000000,680915,,,,AAPL
55814272.0,201.1824,201.625,201.5,202.3,198.96,1750651200000,618980,,,,AAPL
54064033.0,201.4391,202.59,200.3,203.44,200.2,1750737600000,666917,,,,AAPL
39525730.0,201.7923,201.45,201.56,203.67,200.6201,1750824000000,514978,,,,AAPL
50799121.0,200.6328,201.43,201.0,202.64,199.46,1750910400000,622887,,,,AAPL
73188571.0,201.4224,201.89,201.08,203.22,200.0,1750996800000,596078,,,,AAPL
26832756.0,340.6447,337.75,340.54,342.73,337.2,1688097600000,364616,,336.4,340.6,MSFT
12507092.0,338.2957,339.19,337.99,340.9,336.571,1688356800000,252534,,340.65,337.99,MSFT
18172378.0,338.6334,335.09,338.15,341.65,334.7276,1688529600000,346745,,336.67,337.81,MSFT
28195534.0,340.0806,337.3,341.27,342.99,335.5,1688616000000,453686,,338.2,341.35,MSFT
21208974.0,339.134,339.32,337.22,341.79,337.0,1688702400000,336861,,,,MSFT
32739449.0,330.9423,334.6,331.83,335.23,327.59,1688961600000,551490,,,,MSFT
26698218.0,330.6934,331.06,332.47,332.86,327.0,1689048000000,428341,,,,MSFT
29995262.0,337.9785,336.6,337.2,341.652,335.67,1689134400000,443122,,,,MSFT
20567159.0,341.6023,339.56,342.66,343.74,339.02,1689220800000,352822,,,,MSFT
28349069.0,347.4862,347.59,345.24,351.43,344.31,1689307200000,474705,,,,MSFT
20363927.0,345.3375,345.678,345.73,346.99,342.2,1689566400000,354554,,,,MSFT
64851305.0,358.335,345.83,359.49,366.78,342.17,1689652800000,903519,,,,MSFT
39720401.0,356.9136,361.75,355.08,362.46,352.435,1689739200000,627574,,,,MSFT
33729395.0,349.2517,353.57,346.87,357.97,345.37,1689825600000,537719,,,,MSFT
69402882.0,344.6154,349.15,343.77,350.3,339.83,1689912000000,533848,,,,MSFT
26658707.0,344.8136,345.85,345.11,346.92,342.31,1690171200000,387234,,,,MSFT
41614439.0,348.2785,347.11,350.98,351.89,345.07,1690257600000,622408,,,,MSFT
58383702.0,337.2226,341.44,337.77,344.67,333.11,1690344000000,990567,,,,MSFT
39611012.0,334.6987,340.48,330.72,341.33,329.05,1690430400000,745452,,,,MSFT
28449068.0,337.4318,333.67,338.37,340.01,333.17,1690516800000,447434,,,,MSFT
25445972.0,335.1445,336.92,335.92,337.695,333.36,1690776000000,461944,,,,MSFT
18381253.0,336.4363,335.19,336.34,338.54,333.7,1690862400000,332085,,,,MSFT
27759757.0,328.8435,333.63,327.5,333.63,326.3551,1690948800000,521033,,,,MSFT
18360352.0,327.6559,326.0,326.66,329.88,325.95,1691035200000,323370,,,,MSFT
23741484.0,330.8896,331.88,327.78,335.14,327.24,1691121600000,430655,,,,MSFT
17023526.0,329.5521,328.37,330.11,331.11,327.52,1691380800000,307078,,,,MSFT
22274170.0,325.1445,326.96,326.05,328.75,323.0,1691467200000,389123,,,,MSFT
22339508.0,323.2968,326.47,322.23,327.11,321.0499,1691553600000,352448,,,,MSFT
20103165.0,323.9963,326.015,322.93,328.26,321.18,1691640000000,295450,,,,MSFT
24355491.0,321.0487,320.26,321.01,322.41,319.21,1691726400000,355599,,,,MSFT
18814579.0,322.6942,321.39,324.04,324.06,320.08,1691985600000,302315,,,,MSFT
16813785.0,322.9819,323.0,321.86,325.09,320.9034,1692072000000,294672,,,,MSFT
20698864.0,321.7008,320.8,320.4,324.42,319.8035,1692158400000,299352,,,,MSFT
21257161.0,318.3484,320.54,316.88,321.87,316.21,1692244800000,342111,,,,MSFT
24751706.0,315.3222,314.49,316.48,318.38,311.5508,1692331200000,404544,,,,MSFT
23989956.0,320.4589,317.93,321.88,322.77,317.04,1692590400000,358127,,,,MSFT
16018024.0,323.4052,325.5,322.46,326.075,321.46,1692676800000,294427,,,,MSFT
21164682.0,327.3649,323.82,327.0,329.2,323.46,1692763200000,289589,,,,MSFT
23277194.0,323.1078,332.85,319.97,332.98,319.96,1692849600000,338014,,,,MSFT
21684104.0,322.1106,321.47,322.98,325.36,318.8001,1692936000000,318092,,,,MSFT
14808482.0,323.4131,325.66,323.7,326.15,321.722,1693195200000,248204,,,,MSFT
19284590.0,327.1681,321.88,328.41,328.9835,321.88,1693281600000,299190,,,,MSFT
15222110.0,328.5478,328.67,328.79,329.81,326.445,1693368000000,251172,,,,MSFT
26403154.0,328.0876,329.2,327.76,330.9099,326.78,1693454400000,271738,,,,MSFT
14886424.0,328.5957,331.31,328.66,331.99,326.78,1693540800000,298313,,,,MSFT
18553859.0,332.6823,329.0,333.55,334.85,328.66,1693886400000,306760,,,,MSFT
17535773.0,332.2617,333.38,332.88,334.46,330.18,1693972800000,277719,,,,MSFT
18369595.0,330.6156,331.29,329.91,333.08,329.03,1694059200000,290407,,,,MSFT
19548165.0,334.384,330.09,334.27,336.16,329.46,1694145600000,307635,,,,MSFT
16583324.0,337.3191,337.24,337.94,338.42,335.43,1694404800000,277880,,,,MSFT
17562282.0,333.0369,335.815,331.77,336.79,331.48,1694491200000,284513,,,,MSFT
16544412.0,335.2687,331.31,336.06,336.85,331.17,1694577600000,257199,,,,MSFT
20263548.0,339.0099,339.148,338.7,340.86,336.57,1694664000000,310337,,,,MSFT
37503592.0,332.2853,336.92,330.22,337.3975,329.65,1694750400000,373232,,,,MSFT
16834208.0,328.6563,327.8,329.06,330.4,326.36,1695009600000,309477,,,,MSFT
16514487.0,327.2065,326.17,328.65,329.39,324.51,1695096000000,275795,,,,MSFT
21399225.0,324.4602,329.51,320.77,329.59,320.51,1695182400000,351303,,,,MSFT
35560362.0,320.9522,319.26,319.53,325.3499,315.0,1695268800000,526012,,,,MSFT
21436887.0,318.4263,321.32,317.01,321.45,316.15,1695355200000,341056,,,,MSFT
17835964.0,316.584,316.59,317.54,317.67,315.0,1695614400000,291124,,,,MSFT
25647573.0,312.1074,315.13,312.14,315.88,310.02,1695700800000,408374,,,,MSFT
19370182.0,311.9009,312.3,312.79,314.299,309.69,1695787200000,335794,,,,MSFT
19681064.0,312.8031,310.99,313.64,315.48,309.45,1695873600000,338062,,,,MSFT
24147298.0,316.6707,317.75,315.75,319.47,314.98,1695960000000,371549,,,,MSFT
20570006.0,319.5579,316.28,321.8,321.888,315.18,1696219200000,354432,,,,MSFT
21027792.0,314.3557,320.83,313.39,321.39,311.215,1696305600000,354262,,,,MSFT
20717444.0,317.962,314.03,318.955,320.04,314.0,1696392000000,340623,,,,MSFT
16965629.0,317.9018,319.09,319.36,319.98,314.9,1696478400000,292278,,,,MSFT
25673630.0,325.0766,316.55,327.26,329.19,316.3,1696564800000,374485,,,,MSFT
19891180.0,328.0256,324.75,329.82,330.3,323.18,1696824000000,309948,,,,MSFT
20557094.0,329.2022,330.96,328.39,331.1,327.67,1696910400000,314761,,,,MSFT
20063246.0,331.5068,331.21,332.42,332.82,329.14,1696996800000,280438,,,,MSFT
19313098.0,331.366,330.565,331.16,333.6299,328.72,1697083200000,334254,,,,MSFT
20983805.0,329.1471,332.38,327.73,333.83,326.36,1697169600000,397249,,,,MSFT
22153713.0,333.3168,331.05,332.64,336.14,330.6,1697428800000,360739,,,,MSFT
18238523.0,331.2465,329.59,332.06,333.46,327.41,1697515200000,293598,,,,MSFT
23145202.0,331.7636,332.49,330.11,335.59,328.3,1697601600000,333823,,,,MSFT
25049471.0,333.2315,332.15,331.32,336.88,330.91,1697688000000,366501,,,,MSFT
25020125.0,327.9375,331.72,326.67,331.92,325.45,1697774400000,322790,,,,MSFT
23974748.0,329.2188,325.47,329.32,332.725,324.39,1698033600000,353047,,,,MSFT
31153571.0,333.8854,331.3,330.53,331.84,327.6,1698120000000,480549,,,,MSFT
55053828.0,340.9822,345.02,340.67,346.2,337.62,1698206400000,729751,,,,MSFT
37810293.0,331.2156,340.54,327.89,341.63,326.94,1698292800000,534329,,,,MSFT
29791522.0,331.6575,330.425,329.81,336.72,328.4007,1698379200000,430129,,,,MSFT
22768082.0,336.377,333.41,337.31,339.45,331.83,1698638400000,355937,,,,MSFT
20265282.0,337.2437,338.85,338.11,339.0,334.69,1698724800000,307402,,,,MSFT
28158819.0,344.9564,339.79,346.07,347.42,339.65,1698811200000,425441,,,,MSFT
24348072.0,347.5945,347.24,348.32,348.83,344.77,1698897600000,374637,,,,MSFT
23537673.0,351.9435,349.63,352.8,354.39,347.33,1698984000000,390975,,,,MSFT
23828301.0,355.997,353.45,356.53,357.54,353.35,1699246800000,377865,,,,MSFT
25823931.0,360.671,359.4,360.53,362.46,357.63,1699333200000,373389,,,,MSFT
26743428.0,362.3926,361.68,363.2,363.87,360.55,1699419600000,316039,,,,MSFT
24847331.0,362.0007,362.3,360.69,364.79,360.362,1699506000000,338377,,,,MSFT
28036164.0,367.5711,361.49,369.67,370.1,361.07,1699592400000,382843,,,,MSFT
19986506.0,367.1673,368.22,366.68,368.47,365.9,1699851600000,340608,,,,MSFT
27683862.0,370.2471,371.01,370.27,371.95,367.3454,1699938000000,409291,,,,MSFT
26856895.0,369.819,371.28,369.67,373.13,367.11,1700024400000,399873,,,,MSFT
27182315.0,374.8465,370.96,376.17,376.35,370.18,1700110800000,405563,,,,MSFT
39800371.0,370.7359,373.61,369.85,374.37,367.0,1700197200000,560741,,,,MSFT
52528964.0,375.7212,371.22,377.44,378.87,371.0,1700456400000,771744,,,,MSFT
28422845.0,373.1602,375.67,373.07,376.2215,371.12,1700542800000,460034,,,,MSFT
23173184.0,377.8874,378.0,377.85,379.7899,374.965,1700629200000,405032,,,,MSFT
10026649.0,376.8156,377.33,377.43,377.97,375.135,1700802000000,201902,,,,MSFT
22179228.0,378.5792,376.78,378.61,380.64,376.2,1701061200000,352779,,,,MSFT
20354067.0,381.5382,378.35,382.7,383.0,378.16,1701147600000,358980,,,,MSFT
28963399.0,379.514,383.76,378.85,384.3,377.44,1701234000000,405555,,,,MSFT
30545295.0,378.1431,378.49,378.91,380.09,375.47,1701320400000,364027,,,,MSFT
33036672.0,374.0143,376.76,374.51,378.16,371.31,1701406800000,516939,,,,MSFT
32063301.0,367.2104,369.1,369.14,369.52,362.9,1701666000000,504198,,,,MSFT
23017535.0,371.2053,366.45,372.52,373.075,365.621,1701752400000,373673,,,,MSFT
21174417.0,369.9703,373.54,368.8,374.18,368.03,1701838800000,326371,,,,MSFT
23118104.0,369.8581,368.23,370.95,371.4527,366.32,1701925200000,324952,,,,MSFT
20142366.0,372.7762,369.2,374.23,374.46,368.23,1702011600000,297366,,,,MSFT
27708757.0,369.5369,368.48,371.3,371.6,366.1,1702270800000,414479,,,,MSFT
24834333.0,372.7849,370.85,374.38,374.42,370.46,1702357200000,341947,,,,MSFT
30605531.0,374.3346,376.02,374.37,377.6361,370.77,1702443600000,397694,,,,MSFT
43270261.0,367.279,373.31,365.93,373.76,364.13,1702530000000,625496,,,,MSFT
78502324.0,370.1111,366.85,370.73,372.4,366.28,1702616400000,447189,,,,MSFT
21802878.0,371.7442,369.45,372.65,373.0,368.68,1702875600000,338225,,,,MSFT
20593658.0,372.2648,371.49,373.26,373.26,369.84,1702962000000,306094,,,,MSFT
26316623.0,373.0735,375.0,370.62,376.03,370.53,1703048400000,396010,,,,MSFT
17608006.0,372.3574,372.56,373.54,374.41,370.04,1703134800000,289267,,,,MSFT
17102684.0,374.4106,373.68,374.58,375.18,372.71,1703221200000,282280,,,,MSFT
12673050.0,374.7134,375.0,374.66,376.94,373.5,1703566800000,264666,,,,MSFT
14905412.0,373.7921,373.69,374.07,375.06,372.8116,1703653200000,266403,,,,MSFT
14327013.0,375.4457,375.37,375.28,376.458,374.16,1703739600000,278146,,,,MSFT
18730838.0,375.8532,376.0,376.04,377.16,373.48,1703826000000,296401,,,,MSFT
25258633.0,370.0458,373.86,370.87,375.9,366.771,1704171600000,458059,,,,MSFT
23013465.0,371.1638,369.01,370.6,373.2562,368.51,1704258000000,373400,,,,MSFT
20901502.0,369.8079,370.665,367.94,373.1,367.17,1704344400000,336221,,,,MSFT
21004575.0,368.9509,368.97,367.75,372.06,366.5,1704430800000,327543,,,,MSFT
23132275.0,372.9106,369.3,374.69,375.2,369.01,1704690000000,370000,,,,MSFT
20828828.0,374.4701,372.01,375.79,375.99,371.19,1704776400000,348112,,,,MSFT
25497145.0,381.6297,376.37,382.77,384.17,376.32,1704862800000,425875,,,,MSFT
27850846.0,384.6284,386.0,384.63,390.68,380.38,1704949200000,462956,,,,MSFT
21641153.0,387.404,385.49,388.47,388.68,384.65,1705035600000,349003,,,,MSFT
27142268.0,390.7025,393.66,390.27,394.03,387.6229,1705381200000,461337,,,,MSFT
21698908.0,388.3601,387.98,389.47,390.11,384.81,1705467600000,363161,,,,MSFT
23391588.0,392.7206,391.72,393.87,393.99,390.12,1705554000000,369691,,,,MSFT
29331136.0,396.7214,395.76,398.67,398.67,393.5,1705640400000,425457,,,,MSFT
27016902.0,396.8531,400.02,396.51,400.62,393.59,1705899600000,450387,,,,MSFT
20525882.0,397.3286,395.75,398.9,399.38,393.93,1705986000000,318881,,,,MSFT
24362953.0,403.082,401.54,402.56,405.63,400.45,1706072400000,412572,,,,MSFT
21008155.0,404.8272,404.32,404.87,407.01,402.5294,1706158800000,386008,,,,MSFT
17803271.0,404.0245,404.37,403.93,406.17,402.43,1706245200000,337194,,,,MSFT
24479936.0,408.1096,406.06,409.72,409.98,404.33,1706504400000,446367,,,,MSFT
33443110.0,408.7068,412.26,408.59,413.05,406.4501,1706590800000,606541,,,,MSFT
47855797.0,403.0427,406.96,397.58,415.32,397.21,1706677200000,736134,,,,MSFT
30656726.0,404.4632,401.83,403.78,408.0,401.8,1706763600000,476057,,,,MSFT
28186570.0,409.8995,403.81,411.22,412.65,403.56,1706850000000,474633,,,,MSFT
25352286.0,406.2356,409.9,405.65,411.16,403.99,1707109200000,455599,,,,MSFT
18382624.0,404.8658,405.88,405.49,407.97,402.91,1707195600000,342464,,,,MSFT
22340526.0,411.9182,407.44,414.05,414.3,407.4,1707282000000,352956,,,,MSFT
21225257.0,413.833,414.05,414.11,415.56,412.53,1707368400000,323852,,,,MSFT
22010344.0,418.7587,415.25,420.55,420.82,415.09,1707454800000,369746,,,,MSFT
21202921.0,416.8165,420.555,415.26,420.74,414.75,1707714000000,401543,,,,MSFT
27824936.0,406.7192,404.94,406.32,410.071,403.39,1707800400000,544613,,,,MSFT
20394390.0,407.4282,408.07,409.49,409.84,404.57,1707886800000,384409,,,,MSFT
21825525.0,406.0888,408.14,406.56,409.13,404.29,1707973200000,412617,,,,MSFT
22296495.0,405.1959,407.96,404.06,408.29,403.44,1708059600000,371675,,,,MSFT
24307915.0,401.4432,403.24,402.79,404.49,398.01,1708405200000,450376,,,,MSFT
18576472.0,400.2873,400.17,402.18,402.29,397.22,1708491600000,372891,,,,MSFT
26924129.0,410.8021,410.19,411.65,412.83,408.57,1708578000000,438851,,,,MSFT
16290899.0,411.3814,415.67,410.34,415.86,408.97,1708664400000,339007,,,,MSFT
16193505.0,408.6943,411.455,407.54,412.16,407.36,1708923600000,360536,,,,MSFT
14835827.0,406.5203,407.99,407.48,408.32,403.85,1709010000000,329867,,,,MSFT
13152525.0,407.2066,408.175,407.72,409.3,405.3201,1709096400000,288488,,,,MSFT
31947263.0,411.6895,408.64,413.64,414.2,405.92,1709182800000,381314,,,,MSFT
17805495.0,414.0684,411.27,415.5,415.87,410.88,1709269200000,394307,,,,MSFT
17595956.0,415.1331,413.44,414.92,417.35,412.32,1709528400000,397492,,,,MSFT
26886877.0,403.9324,413.96,402.65,414.25,400.64,1709614800000,538262,,,,MSFT
22320549.0,402.2288,402.97,402.09,405.16,398.39,1709701200000,449326,,,,MSFT
18695839.0,407.6397,406.12,409.14,409.78,402.24,1709787600000,356884,,,,MSFT
18002186.0,407.1068,407.96,406.22,410.42,404.33,1709874000000,372186,,,,MSFT
16120752.0,403.871,403.762,404.52,405.68,401.26,1710129600000,361478,,,,MSFT
22457003.0,413.4651,407.62,415.28,415.57,406.79,1710216000000,390705,,,,MSFT
17115931.0,414.9263,418.1,415.1,418.18,411.45,1710302400000,335667,,,,MSFT
34155379.0,424.5338,420.24,425.22,427.82,417.99,1710388800000,595703,,,,MSFT
45079903.0,416.9739,419.29,416.42,422.6,412.79,1710475200000,502616,,,,MSFT
20105977.0,417.9454,414.25,417.32,420.73,413.78,1710734400000,378727,,,,MSFT
19824715.0,420.2883,417.83,421.41,421.6656,415.55,1710820800000,333781,,,,MSFT
17856165.0,423.7712,422.0,425.23,425.96,420.66,1710907200000,341852,,,,MSFT
21221222.0,429.2339,429.83,429.37,430.82,427.16,1710993600000,382102,,,,MSFT
17648473.0,428.396,429.7,428.74,429.86,426.07,1711080000000,314771,,,,MSFT
18060450.0,423.6345,425.24,422.86,427.41,421.61,1711339200000,392629,,,,MSFT
16725647.0,422.7992,425.61,421.65,425.99,421.35,1711425600000,318246,,,,MSFT
16704978.0,420.9515,424.44,421.43,424.45,419.01,1711512000000,333518,,,,MSFT
21871161.0,420.7417,420.96,420.72,421.87,419.12,1711598400000,307365,,,,MSFT
16315961.0,424.3187,423.95,424.57,427.89,422.22,1711944000000,365011,,,,MSFT
17911992.0,420.9424,420.11,421.44,422.38,417.84,1712030400000,364604,,,,MSFT
16502264.0,421.2183,419.73,420.45,423.26,419.085,1712116800000,337782,,,,MSFT
19370875.0,421.9102,424.99,417.88,428.67,417.57,1712203200000,371919,,,,MSFT
16549091.0,424.2188,420.01,425.52,426.51,418.32,1712289600000,353310,,,,MSFT
14272387.0,424.9753,425.17,424.59,427.28,423.3,1712548800000,316897,,,,MSFT
12512289.0,424.8551,426.44,426.28,427.74,421.62,1712635200000,298321,,,,MSFT
16216581.0,421.8454,422.19,423.26,424.03,419.7,1712721600000,377856,,,,MSFT
17966423.0,426.7616,425.82,427.93,429.37,422.36,1712808000000,345478,,,,MSFT
18742900.0,422.2862,424.05,421.9,425.1794,419.77,1712894400000,372084,,,,MSFT
20273538.0,417.9412,426.6,413.64,426.82,413.43,1713153600000,419801,,,,MSFT
15379191.0,415.566,414.57,414.58,418.4,413.7301,1713240000000,344527,,,,MSFT
15855485.0,413.5457,417.25,411.84,418.88,410.33,1713326400000,353077,,,,MSFT
20012417.0,407.0261,410.63,404.27,411.89,403.95,1713412800000,422710,,,,MSFT
30250229.0,400.5771,404.03,399.12,405.48,397.77,1713499200000,470290,,,,MSFT
20263655.0,400.2463,400.08,400.96,402.85,395.75,1713758400000,395626,,,,MSFT
15734501.0,406.8605,404.235,407.57,408.2,403.06,1713844800000,332315,,,,MSFT
15047330.0,408.7851,409.56,409.06,412.47,406.78,1713931200000,340118,,,,MSFT
40549850.0,397.661,394.03,399.04,399.8899,388.03,1714017600000,782682,,,,MSFT
29693254.0,408.9117,412.17,406.32,413.0,405.7601,1714104000000,532056,,,,MSFT
19582091.0,401.615,405.25,402.25,406.32,399.19,1714363200000,424047,,,,MSFT
28781374.0,393.8985,401.49,389.33,402.16,389.17,1714449600000,511476,,,,MSFT
23562481.0,395.2703,392.61,394.94,401.7199,390.31,1714536000000,459339,,,,MSFT
17709364.0,397.31,397.66,397.84,399.93,394.6515,1714622400000,336629,,,,MSFT
17446724.0,405.7904,402.28,406.66,407.15,401.86,1714708800000,356126,,,,MSFT
16996639.0,411.0587,408.76,413.54,413.93,406.3701,1714968000000,351011,,,,MSFT
20018228.0,410.7931,414.66,409.34,414.67,409.09,1715054400000,334643,,,,MSFT
11792308.0,410.4116,408.17,410.54,412.23,406.7132,1715140800000,272545,,,,MSFT
14647327.0,411.6659,410.57,412.32,412.72,409.1,1715227200000,259284,,,,MSFT
13395681.0,414.2666,412.935,414.74,415.38,411.8,1715313600000,319659,,,,MSFT
15440226.0,413.8789,418.01,413.72,418.348,410.82,1715572800000,342746,,,,MSFT
15109306.0,414.905,412.02,416.56,417.49,411.55,1715659200000,340286,,,,MSFT
22239533.0,421.8711,417.9,423.08,423.81,417.27,1715745600000,414733,,,,MSFT
16915050.0,422.181,421.8,420.99,425.42,420.35,1715832000000,363227,,,,MSFT
15352239.0,420.0833,422.54,420.21,422.92,418.025,1715918400000,291491,,,,MSFT
16235137.0,424.8479,420.21,425.34,426.77,419.99,1716177600000,325279,,,,MSFT
21451855.0,429.2546,426.825,429.04,432.97,424.85,1716264000000,391817,,,,MSFT
18073698.0,430.0097,430.09,430.52,432.41,427.13,1716350400000,326622,,,,MSFT
17189689.0,429.2099,432.97,427.0,433.6,425.424,1716436800000,363757,,,,MSFT
11855285.0,428.8383,427.19,430.16,431.055,424.41,1716523200000,301686,,,,MSFT
15714424.0,429.0926,429.63,430.32,430.82,426.6,1716868800000,380656,,,,MSFT
15517130.0,429.2916,425.69,429.17,430.94,425.69,1716955200000,332791,,,,MSFT
28388472.0,418.0679,424.3,414.67,424.3,414.24,1717041600000,553473,,,,MSFT
47949650.0,411.8761,416.75,415.13,416.75,404.51,1717128000000,602156,,,,MSFT
17477275.0,412.8063,415.525,413.52,416.43,408.9234,1717387200000,447157,,,,MSFT
14343917.0,413.9793,412.43,416.07,416.44,409.675,1717473600000,316575,,,,MSFT
16988038.0,421.7613,417.81,424.01,424.08,416.3,1717560000000,362676,,,,MSFT
14832341.0,423.6284,424.01,424.52,425.31,420.58,1717646400000,339049,,,,MSFT
13608450.0,424.4684,426.2,423.85,426.28,423.0,1717732800000,242542,,,,MSFT
13653034.0,426.9313,424.7,427.87,428.08,423.89,1717992000000,366209,,,,MSFT
14550801.0,430.1587,425.475,432.68,432.82,425.25,1718078400000,351900,,,,MSFT
22366233.0,439.4047,435.32,441.06,443.4,433.25,1718164800000,493585,,,,MSFT
15960565.0,441.5155,440.85,441.58,443.39,439.37,1718251200000,358457,,,,MSFT
13567405.0,441.761,438.275,442.57,443.1376,436.721,1718337600000,324883,,,,MSFT
20765030.0,446.7907,442.585,448.37,450.94,440.72,1718596800000,438277,,,,MSFT
17003754.0,446.7191,449.705,446.34,450.14,444.89,1718683200000,381006,,,,MSFT
19850228.0,444.5529,446.3,445.7,446.53,441.27,1718856000000,444420,,,,MSFT
34486172.0,448.872,447.38,449.78,450.58,446.51,1718942400000,384957,,,,MSFT
15913719.0,448.711,449.8,447.67,452.75,446.41,1719201600000,391482,,,,MSFT
16747529.0,449.9838,448.25,450.95,451.42,446.75,1719288000000,312623,,,,MSFT
16463605.0,451.8178,449.0,452.16,453.6,448.19,1719374400000,327606,,,,MSFT
14669048.0,453.5679,452.175,452.85,456.17,451.77,1719460800000,327937,,,,MSFT
28342271.0,449.6858,453.07,446.95,455.38,446.41,1719547200000,399859,,,,MSFT
17662818.0,453.2717,448.66,456.73,457.37,445.66,1719806400000,414466,,,,MSFT
13900279.0,457.5868,453.2,459.28,459.59,453.113,1719892800000,352738,,,,MSFT
9932830.0,459.7752,458.19,460.77,461.02,457.88,1719979200000,297118,,,,MSFT
16000290.0,466.1665,459.61,467.56,468.35,458.965,1720152000000,410920,,,,MSFT
12962321.0,465.8994,466.55,466.24,467.7,464.46,1720411200000,394953,,,,MSFT
17228507.0,461.2484,467.0,459.54,467.33,458.0,1720497600000,457064,,,,MSFT
18183100.0,463.8644,461.22,466.25,466.46,458.855,1720584000000,399313,,,,MSFT
23099375.0,455.788,462.98,454.7,464.78,451.55,1720670400000,567254,,,,MSFT
16270874.0,453.8276,454.325,453.55,456.36,450.645,1720756800000,438220,,,,MSFT
14429447.0,453.9164,453.3,453.96,457.26,451.43,1721016000000,410307,,,,MSFT
17175679.0,449.2642,454.22,449.52,454.3,446.66,1721102400000,462050,,,,MSFT
21754021.0,442.4715,442.59,443.52,444.85,439.18,1721188800000,541859,,,,MSFT
20532222.0,438.845,444.34,440.37,444.65,434.4,1721275200000,512512,,,,MSFT
20805117.0,436.7164,433.1,437.11,441.14,432.0,1721361600000,483490,,,,MSFT
15808755.0,442.5844,441.79,442.94,444.6,438.9125,1721620800000,405669,,,,MSFT
13068650.0,445.1976,443.895,444.85,448.39,443.1,1721707200000,316400,,,,MSFT
26805800.0,431.0394,440.45,428.9,441.48,427.585,1721793600000,550695,,,,MSFT
29943795.0,422.0261,428.8,418.4,429.8,417.51,1721880000000,618079,,,,MSFT
23583839.0,424.2656,418.2,425.27,428.915,417.27,1721966400000,437364,,,,MSFT
15125836.0,427.3855,431.58,426.73,432.15,424.7042,1722225600000,372627,,,,MSFT
32570678.0,416.1422,427.72,422.92,429.05,417.36,1722312000000,673244,,,,MSFT
42891366.0,417.4317,420.495,418.35,421.775,412.21,1722398400000,812250,,,,MSFT
30278800.0,419.1803,420.785,417.11,427.46,413.0901,1722484800000,570643,,,,MSFT
29393500.0,407.4879,412.49,408.49,415.0,404.34,1722571200000,640100,,,,MSFT
40700988.0,394.8185,389.17,395.15,401.04,385.58,1722830400000,911325,,,,MSFT
24438725.0,401.5433,400.0,399.61,405.67,398.5,1722916800000,523889,,,,MSFT
20611706.0,402.4834,408.635,398.43,410.08,397.47,1723003200000,434280,,,,MSFT
20203030.0,402.8599,402.44,402.69,405.86,399.9407,1723089600000,388851,,,,MSFT
19276666.0,405.4199,404.03,406.02,408.05,402.2624,1723176000000,329992,,,,MSFT
16762883.0,406.4858,407.06,406.81,408.76,404.2434,1723435200000,338061,,,,MSFT
19414271.0,413.2735,409.59,414.01,414.95,409.57,1723521600000,338600,,,,MSFT
18216980.0,416.0935,414.8,416.86,417.72,412.4456,1723608000000,318419,,,,MSFT
20731684.0,420.0451,419.8,421.03,421.11,417.66,1723694400000,345853,,,,MSFT
22775593.0,419.0297,420.6,418.47,421.34,417.3,1723780800000,326153,,,,MSFT
15233957.0,419.8896,418.96,421.53,421.75,416.46,1724040000000,325670,,,,MSFT
16387581.0,423.8665,421.7,424.8,425.86,421.64,1724126400000,311630,,,,MSFT
16067298.0,423.8693,424.075,424.14,426.4,421.72,1724212800000,299663,,,,MSFT
19318751.0,417.7496,424.36,415.55,426.7899,414.61,1724299200000,385368,,,,MSFT
18463784.0,416.086,416.98,416.79,419.26,412.09,1724385600000,366473,,,,MSFT
13145630.0,413.7626,416.365,413.49,417.2799,411.34,1724644800000,330243,,,,MSFT
13492911.0,413.0336,412.86,413.84,414.36,410.25,1724731200000,286626,,,,MSFT
14882660.0,410.4105,414.88,410.6,415.0,407.31,1724817600000,329368,,,,MSFT
17041441.0,416.2485,414.94,413.12,422.05,410.6,1724904000000,355289,,,,MSFT
24306124.0,416.0141,415.6,417.14,417.49,412.13,1724990400000,314931,,,,MSFT
20313603.0,411.6991,417.91,409.44,419.88,407.03,1725336000000,430855,,,,MSFT
15123006.0,408.5289,405.91,408.9,411.24,404.37,1725422400000,359709,,,,MSFT
14165816.0,408.7287,407.62,408.39,413.1,406.13,1725508800000,330521,,,,MSFT
19609526.0,402.8702,409.06,401.7,410.65,400.8,1725595200000,399098,,,,MSFT
15295134.0,405.0266,407.24,405.72,408.65,402.15,1725854400000,339753,,,,MSFT
19594287.0,413.0725,408.2,414.2,416.33,407.7,1725940800000,366321,,,,MSFT
19266923.0,418.9496,415.5,423.04,423.99,409.58,1726027200000,375561,,,,MSFT
17418759.0,424.5033,423.31,427.0,427.3692,419.75,1726113600000,366812,,,,MSFT
15874555.0,429.756,425.825,430.59,431.83,425.46,1726200000000,318566,,,,MSFT
13834697.0,430.8632,430.6,431.34,433.53,428.22,1726459200000,348083,,,,MSFT
18874231.0,436.4993,440.23,435.15,441.85,432.27,1726545600000,408698,,,,MSFT
18893102.0,432.2289,435.0,430.81,436.03,430.41,1726632000000,372053,,,,MSFT
21706559.0,438.9613,441.225,438.69,441.5,436.9,1726718400000,381618,,,,MSFT
55167106.0,435.7181,437.22,435.27,439.24,434.22,1726804800000,336295,,,,MSFT
15128891.0,433.7558,434.28,433.51,436.46,430.3889,1727064000000,295250,,,,MSFT
17015754.0,429.1302,433.0,429.17,433.35,426.1,1727150400000,339671,,,,MSFT
13396364.0,431.4952,429.83,432.11,433.119,428.57,1727236800000,285258,,,,MSFT
14492044.0,431.1754,435.085,431.31,435.3,429.13,1727323200000,265509,,,,MSFT
14887131.0,429.0287,431.52,428.02,431.85,427.47,1727409600000,285451,,,,MSFT
16854606.0,428.7332,428.21,430.3,430.42,425.37,1727668800000,331755,,,,MSFT
19075945.0,421.6865,428.45,420.69,428.48,418.81,1727755200000,426463,,,,MSFT
16580607.0,418.0579,422.58,417.13,422.82,416.71,1727841600000,365270,,,,MSFT
13686421.0,416.6199,417.63,416.54,419.55,414.29,1727928000000,315114,,,,MSFT
19190913.0,416.778,418.24,416.06,419.75,414.97,1728014400000,356081,,,,MSFT
20919761.0,412.0843,416.0,409.54,417.11,409.0,1728273600000,442060,,,,MSFT
19229261.0,413.4927,410.9,414.71,415.66,408.17,1728360000000,314547,,,,MSFT
14974257.0,417.5639,415.86,417.46,420.38,414.3,1728446400000,334168,,,,MSFT
13843016.0,415.5647,415.225,415.84,417.35,413.15,1728532800000,304246,,,,MSFT
14144944.0,415.5294,416.135,416.32,417.13,413.25,1728619200000,318356,,,,MSFT
16650986.0,420.1285,417.77,419.14,424.04,417.52,1728878400000,358011,,,,MSFT
18900201.0,418.323,422.18,418.74,422.48,415.26,1728964800000,375124,,,,MSFT
15508832.0,414.8877,415.17,416.12,416.36,410.48,1729051200000,361155,,,,MSFT
13812404.0,417.3972,422.36,416.72,422.5,415.59,1729137600000,295682,,,,MSFT
17142917.0,417.7168,417.14,418.16,419.65,416.2601,1729224000000,275276,,,,MSFT
14206115.0,417.1892,416.12,418.78,418.96,413.7501,1729483200000,321051,,,,MSFT
25482197.0,426.7548,418.49,427.51,430.5793,418.04,1729569600000,447344,,,,MSFT
19654379.0,426.5163,430.855,424.6,431.08,422.53,1729656000000,396249,,,,MSFT
13581631.0,424.6022,425.325,424.73,425.9782,422.4,1729742400000,276493,,,,MSFT
16864064.0,429.3278,426.76,428.15,432.52,426.565,1729828800000,342362,,,,MSFT
14764444.0,428.0163,431.655,426.59,431.94,426.3,1730088000000,354172,,,,MSFT
17644080.0,430.9784,428.0,431.95,433.17,425.8001,1730174400000,340970,,,,MSFT
29739549.0,434.1576,437.435,432.53,438.5,432.1,1730260800000,641184,,,,MSFT
53966959.0,408.9502,415.36,406.35,416.16,406.3,1730347200000,1064120,,,,MSFT
23238042.0,411.478,409.01,410.37,415.5,407.5,1730433600000,493618,,,,MSFT
19668386.0,408.2888,409.8,408.46,410.415,405.5713,1730696400000,416116,,,,MSFT
17626011.0,412.1072,408.37,411.46,414.9,408.08,1730782800000,267936,,,,MSFT
26681660.0,417.8695,412.42,420.18,420.45,410.52,1730869200000,533382,,,,MSFT
19901782.0,424.4622,421.28,425.43,426.85,419.88,1730955600000,404175,,,,MSFT
16891414.0,423.3528,425.32,422.54,426.5,421.78,1731042000000,354091,,,,MSFT
24403321.0,419.0008,422.515,418.01,424.81,416.0,1731301200000,365321,,,,MSFT
19401204.0,421.7267,418.25,423.03,424.44,417.2,1731387600000,340411,,,,MSFT
21502185.0,424.5944,421.64,425.2,429.325,418.21,1731474000000,341868,,,,MSFT
30246881.0,426.1542,425.0,426.89,428.17,420.0,1731560400000,380238,,,,MSFT
28227644.0,416.325,419.82,415.0,422.8,413.64,1731646800000,381329,,,,MSFT
24742013.0,415.8283,414.87,415.76,418.4037,412.1,1731906000000,281885,,,,MSFT
18133529.0,415.6886,413.11,417.79,417.94,411.55,1731992400000,276550,,,,MSFT
19041655.0,414.6301,416.87,415.49,417.29,410.58,1732078800000,285465,,,,MSFT
20780162.0,413.6233,419.5,412.87,419.78,410.2887,1732165200000,335479,,,,MSFT
24814626.0,415.0652,411.365,417.0,417.4,411.06,1732251600000,284577,,,,MSFT
27691090.0,417.9725,418.38,418.79,421.08,414.85,1732510800000,313167,,,,MSFT
23458889.0,425.8962,419.585,427.99,429.0414,418.85,1732597200000,347123,,,,MSFT
18332444.0,423.9028,425.105,422.99,427.2299,422.02,1732683600000,261034,,,,MSFT
16271921.0,422.4302,420.09,423.46,424.8849,417.8,1732856400000,210576,,,,MSFT
20207223.0,430.1369,421.57,430.98,433.0,421.31,1733115600000,334918,,,,MSFT
18301987.0,430.7276,429.84,431.2,432.47,427.74,1733202000000,268208,,,,MSFT
25991579.0,437.2168,433.03,437.42,439.67,432.63,1733288400000,350818,,,,MSFT
21697775.0,441.7255,437.92,442.62,444.66,436.171,1733374800000,328792,,,,MSFT
18804202.0,443.6461,442.3,443.57,446.1,441.7703,1733461200000,277266,,,,MSFT
19144388.0,445.5064,442.6,446.02,448.33,440.5,1733720400000,318830,,,,MSFT
18469459.0,444.7309,444.39,443.33,449.62,441.6,1733806800000,309314,,,,MSFT
19200208.0,448.5603,444.05,448.99,450.35,444.05,1733893200000,272368,,,,MSFT
20798079.0,451.6297,449.11,449.56,456.1648,449.11,1733979600000,319759,,,,MSFT
20177833.0,447.5519,448.435,447.27,451.43,445.58,1734066000000,272450,,,,MSFT
23598834.0,449.8127,447.27,451.59,452.18,445.28,1734325200000,317809,,,,MSFT
22729194.0,453.7486,451.01,454.46,455.29,449.57,1734411600000,320718,,,,MSFT
24444545.0,443.8735,451.32,437.39,452.65,437.02,1734498000000,390068,,,,MSFT
22910131.0,438.837,441.62,437.03,443.1834,436.32,1734584400000,327734,,,,MSFT
64144494.0,436.256,433.11,436.6,443.74,428.63,1734670800000,365997,,,,MSFT
19152519.0,435.0529,436.74,435.25,437.65,432.83,1734930000000,267110,,,,MSFT
7164543.0,437.9834,434.65,439.33,439.6,434.19,1735016400000,132584,,,,MSFT
8199927.0,438.6297,439.08,438.11,440.94,436.63,1735189200000,181124,,,,MSFT
18111063.0,429.704,434.6,430.53,435.22,426.35,1735275600000,317975,,,,MSFT
13158703.0,425.2348,426.06,424.83,427.55,421.9,1735534800000,283674,,,,MSFT
13246509.0,422.5086,426.1,421.5,426.73,420.66,1735621200000,229686,,,,MSFT
16896469.0,419.6368,425.53,418.58,426.07,414.85,1735794000000,353076,,,,MSFT
16662943.0,422.5164,421.08,423.35,424.03,419.54,1735880400000,285046,,,,MSFT
20573648.0,428.8399,428.0,427.85,434.32,425.4774,1736139600000,372816,,,,MSFT
18139065.0,424.3997,429.0,422.37,430.65,420.8,1736226000000,299265,,,,MSFT
15046575.0,424.4545,423.46,424.56,426.97,421.54,1736312400000,249659,,,,MSFT
20162632.0,419.2559,424.63,418.95,424.71,415.02,1736485200000,360659,,,,MSFT
17604780.0,415.8274,415.235,417.19,418.5,412.29,1736744400000,305299,,,,MSFT
16927056.0,415.4723,417.81,415.67,419.74,410.72,1736830800000,291482,,,,MSFT
19637838.0,425.5384,419.13,426.31,428.15,418.265,1736917200000,306574,,,,MSFT
15296423.0,426.1059,428.695,424.58,429.49,424.39,1737003600000,247930,,,,MSFT
26197507.0,430.6367,434.085,429.03,434.48,428.17,1737090000000,280168,,,,MSFT
26085703.0,428.5769,430.2,428.5,430.8999,425.595,1737435600000,389324,,,,MSFT
27803811.0,442.944,437.56,446.2,447.27,436.0,1737522000000,463559,,,,MSFT
18376270.0,444.9193,442.0,446.71,446.75,441.5048,1737608400000,281368,,,,MSFT
15549453.0,444.0559,445.16,444.06,446.65,441.4,1737694800000,269540,,,,MSFT
35636555.0,430.0458,424.01,434.56,435.2,423.5,1737954000000,646790,,,,MSFT
23487653.0,443.6582,434.6,447.2,448.38,431.38,1738040400000,419472,,,,MSFT
23581370.0,439.3597,446.69,442.33,446.88,440.4,1738126800000,466063,,,,MSFT
54585060.0,416.3876,418.77,414.99,422.86,413.16,1738213200000,1142722,,,,MSFT
34223388.0,416.8028,418.98,415.06,420.69,414.91,1738299600000,567270,,,,MSFT
25658899.0,411.9182,411.6,410.92,415.41,408.66,1738558800000,505729,,,,MSFT
20299996.0,412.0606,412.685,412.37,413.9199,409.74,1738645200000,354120,,,,MSFT
16336188.0,412.5466,412.35,413.29,413.827,410.4,1738731600000,311862,,,,MSFT
16309355.0,416.0424,414.0,415.82,418.2,414.0,1738818000000,289457,,,,MSFT
22886844.0,411.3369,416.48,409.75,418.65,408.1,1738904400000,437552,,,,MSFT
20817919.0,412.7279,413.71,412.22,415.4624,410.92,1739163600000,291373,,,,MSFT
18140592.0,411.1454,409.64,411.44,412.49,409.3,1739250000000,242310,,,,MSFT
19116234.0,408.8349,407.21,409.04,410.75,404.3673,1739336400000,328184,,,,MSFT
23891731.0,409.5178,407.0,410.54,411.0,406.36,1739422800000,327103,,,,MSFT
22758464.0,407.6562,407.79,408.43,408.91,405.88,1739509200000,366188,,,,MSFT
21423051.0,408.9786,408.0,409.64,410.597,406.5,1739854800000,342340,,,,MSFT
24114197.0,412.2135,407.88,414.77,415.49,407.65,1739941200000,372874,,,,MSFT
23153728.0,416.3431,415.29,416.13,419.31,412.54,1740027600000,395745,,,,MSFT
27489199.0,411.483,417.335,408.21,418.048,407.89,1740114000000,385138,,,,MSFT
26443656.0,403.4592,408.51,404.0,409.37,399.32,1740373200000,514485,,,,MSFT
29037402.0,398.8944,401.1,397.9,401.915,396.7,1740459600000,492989,,,,MSFT
19618954.0,399.6276,398.01,399.73,403.6,394.245,1740546000000,327110,,,,MSFT
21127406.0,396.2031,401.265,392.53,405.74,392.17,1740632400000,377155,,,,MSFT
32743258.0,393.9828,392.655,396.99,397.63,386.57,1740718800000,432227,,,,MSFT
23007726.0,391.4831,398.82,388.49,398.82,386.155,1740978000000,451463,,,,MSFT
29342923.0,386.7008,383.4,388.61,392.58,381.0,1741064400000,553952,,,,MSFT
23423292.0,397.0465,389.34,401.02,401.67,388.81,1741150800000,404518,,,,MSFT
23304625.0,397.2225,394.28,396.89,402.15,392.6777,1741237200000,393757,,,,MSFT
22030287.0,391.4961,392.32,393.31,394.8,385.54,1741323600000,407964,,,,MSFT
32840134.0,381.0032,385.84,380.16,386.4,377.22,1741579200000,703151,,,,MSFT
30380177.0,381.3124,379.0,380.45,386.0,376.91,1741665600000,470076,,,,MSFT
24253567.0,382.6306,382.95,383.27,385.2165,378.9507,1741752000000,418282,,,,MSFT
20473017.0,379.9685,383.155,378.77,385.32,377.45,1741838400000,369783,,,,MSFT
19943496.0,386.5966,379.775,388.56,390.23,379.51,1741924800000,335259,,,,MSFT
22474272.0,388.9763,386.7,388.7,392.705,385.57,1742184000000,330043,,,,MSFT
19486100.0,383.4213,387.07,383.52,387.37,381.1,1742270400000,319253,,,,MSFT
19185532.0,386.9789,385.525,387.82,389.68,384.0,1742356800000,259928,,,,MSFT
18470542.0,387.128,385.735,386.84,391.785,383.28,1742443200000,277903,,,,MSFT
39671128.0,387.9622,383.215,391.26,391.74,382.8,1742529600000,312807,,,,MSFT
21004548.0,392.7781,395.4,393.08,395.4,389.81,1742788800000,339161,,,,MSFT
15774968.0,394.8219,393.915,395.16,396.36,392.64,1742875200000,262247,,,,MSFT
16130106.0,391.4986,395.0,389.97,395.31,388.57,1742961600000,283678,,,,MSFT
13766761.0,390.406,390.13,390.58,392.24,387.395,1743048000000,240016,,,,MSFT
21632016.0,380.4626,388.08,378.8,389.13,376.93,1743134400000,420396,,,,MSFT
35184676.0,372.9851,372.535,375.39,377.07,367.24,1743393600000,509405,,,,MSFT
19683803.0,380.0484,374.65,382.19,382.85,373.23,1743480000000,404619,,,,MSFT
16092555.0,381.7201,377.965,382.14,385.08,376.62,1743566400000,320479,,,,MSFT
30196247.0,373.8726,374.785,373.11,377.48,369.35,1743652800000,569671,,,,MSFT
49209854.0,364.7524,364.125,359.84,374.59,359.48,1743739200000,811766,,,,MSFT
50424998.0,356.0197,350.88,357.86,370.9999,344.79,1743998400000,911613,,,,MSFT
35868918.0,361.4573,368.255,354.56,373.65,350.25,1744084800000,627042,,,,MSFT
50199696.0,379.0287,353.535,390.49,393.225,353.1,1744171200000,767323,,,,MSFT
38014918.0,378.8979,382.06,381.35,383.9,367.8,1744257600000,576387,,,,MSFT
23239220.0,386.4732,380.635,388.45,390.05,378.89,1744344000000,375873,,,,MSFT
19230622.0,388.9926,393.22,387.81,394.65,384.21,1744603200000,334133,,,,MSFT
17189890.0,386.9039,388.505,385.73,391.89,384.1599,1744689600000,272410,,,,MSFT
21950776.0,373.9289,380.67,371.61,381.61,368.0,1744776000000,375760,,,,MSFT
21120192.0,370.1449,373.745,367.78,374.3215,366.89,1744862400000,310300,,,,MSFT
20804729.0,359.2347,362.815,359.12,364.48,355.67,1745208000000,343816,,,,MSFT
19484993.0,365.2278,363.375,366.82,367.77,359.8602,1745294400000,304006,,,,MSFT
20545514.0,376.1582,376.06,374.39,380.39,373.02,1745380800000,335408,,,,MSFT
22231329.0,385.1451,375.695,387.3,388.45,375.19,1745467200000,297800,,,,MSFT
18966235.0,390.0004,387.0,391.85,392.16,384.6,1745553600000,276679,,,,MSFT
16579430.0,390.2477,391.955,391.16,392.74,386.638,1745812800000,274916,,,,MSFT
14973976.0,393.5949,391.3,394.04,395.1,390.38,1745899200000,249780,,,,MSFT
36442575.0,397.3134,390.3,395.26,396.66,384.44,1745985600000,525134,,,,MSFT
58878100.0,430.3157,431.11,425.4,436.99,424.9,1746072000000,913597,,,,MSFT
30757434.0,435.5067,431.74,435.28,439.44,429.985,1746158400000,542335,,,,MSFT
20136053.0,436.5349,432.87,436.17,439.5,432.11,1746417600000,328657,,,,MSFT
15104204.0,434.4002,432.2,433.31,437.73,431.17,1746504000000,297624,,,,MSFT
23307241.0,433.8398,433.84,433.35,438.12,431.1103,1746590400000,330269,,,,MSFT
23491330.0,439.1835,437.93,438.17,443.67,435.66,1746676800000,380141,,,,MSFT
15324233.0,438.262,440.0,438.73,440.74,435.88,1746763200000,247739,,,,MSFT
22821935.0,445.9953,445.94,449.26,449.37,439.78,1747022400000,417124,,,,MSFT
23618819.0,448.6023,447.78,449.14,450.6733,445.36,1747108800000,406705,,,,MSFT
19902796.0,452.1864,448.14,452.94,453.9,448.14,1747195200000,378377,,,,MSFT
21992323.0,453.4481,450.765,453.13,456.19,450.4301,1747281600000,364866,,,,MSFT
23849781.0,452.1762,452.05,454.27,454.36,448.73,1747368000000,329065,,,,MSFT
21336509.0,457.5456,450.875,458.87,459.585,450.8,1747627200000,345933,,,,MSFT
15441808.0,456.8226,455.59,458.17,458.34,454.3201,1747713600000,257266,,,,MSFT
19216906.0,454.3728,454.57,452.57,457.78,451.814,1747800000000,320670,,,,MSFT
18025612.0,456.1561,454.95,454.86,460.25,453.9,1747886400000,334105,,,,MSFT
16883509.0,451.0242,449.98,450.18,453.69,448.91,1747972800000,323259,,,,MSFT
20974293.0,458.9856,456.48,460.69,460.95,456.115,1748318400000,362158,,,,MSFT
17086261.0,458.5505,461.22,457.36,462.52,456.93,1748404800000,280126,,,,MSFT
13982211.0,458.6283,461.55,458.68,461.72,455.3105,1748491200000,283780,,,,MSFT
34770475.0,459.8626,459.715,460.36,461.68,455.54,1748577600000,339757,,,,MSFT
16626495.0,461.0693,457.14,461.97,462.11,456.89,1748836800000,289505,,,,MSFT
15743760.0,462.6486,461.47,462.97,464.14,460.8622,1748923200000,306326,,,,MSFT
14162688.0,464.2509,464.0,463.87,465.69,463.0201,1749009600000,275697,,,,MSFT
20154460.0,467.4725,464.955,467.68,469.65,464.03,1749096000000,355702,,,,MSFT
15285624.0,470.8644,470.085,470.38,473.335,468.78,1749182400000,357963,,,,MSFT
16469932.0,471.8651,469.7,472.75,473.43,468.62,1749441600000,306173,,,,MSFT
15375944.0,469.9769,471.185,470.92,472.8,466.96,1749528000000,306084,,,,MSFT
16399176.0,473.0906,470.02,472.62,475.47,469.655,1749614400000,316703,,,,MSFT
18950582.0,478.0711,475.02,478.87,480.415,473.52,1749700800000,351653,,,,MSFT
16814456.0,475.6248,476.41,474.96,479.18,472.76,1749787200000,354555,,,,MSFT
15626104.0,479.043,475.21,479.14,480.6943,475.0,1750046400000,330452,,,,MSFT
15414128.0,477.1437,475.395,478.04,478.7399,474.08,1750132800000,298756,,,,MSFT
17526452.0,479.3813,478.0,480.24,481.0,474.46,1750219200000,310610,,,,MSFT
37576206.0,479.1043,482.23,477.4,483.46,476.87,1750392000000,333231,,,,MSFT
24863952.0,482.5493,478.21,486.0,487.75,472.51,1750651200000,472837,,,,MSFT
22305642.0,490.0008,488.95,490.11,491.849,486.795,1750737600000,386695,,,,MSFT
17495099.0,492.1014,492.04,492.27,494.5556,489.39,1750824000000,339135,,,,MSFT
21578853.0,496.3673,492.98,497.45,498.04,492.81,1750910400000,406492,,,,MSFT
34539236.0,496.4069,497.55,495.94,499.3,493.03,1750996800000,389784,,,,MSFT
